CVEGEO,ENTIDAD,MUNICIPIO,VOLUMEN_PRODUCCION,RENDIMIENTO,PRECIO,grupo
01003,Aguascalientes,Calvillo,726.05,12.999999999999998,15800.000000000002,1
02001,Baja California,Ensenada,62.0,6.2,16000.0,2
03001,Baja California Sur,Comondú,142.88,8.93,16000.0,2
03002,Baja California Sur,Mulegé,53.58,8.93,30000.0,2
03003,Baja California Sur,La Paz,46.35,5.15,16500.0,2
03008,Baja California Sur,Los Cabos,206.64,7.38,24650.0,2
04002,Campeche,Campeche,341.36,9.753142857142857,11184.265906960392,2
04004,Campeche,Champotón,65.0,5.416666666666667,10000.0,2
04005,Campeche,Hecelchakán,67.5,7.5,8770.3,2
04008,Campeche,Tenabo,110.86,11.669473684210526,14954.899963918455,2
04013,Campeche,Dzitbalché,35.0,10.0,13173.7,2
06003,Colima,Comala,3405.24,10.51,17466.839999530137,1
06004,Colima,Coquimatlán,65.39,10.37936507936508,22315.100015292857,2
06005,Colima,Cuauhtémoc,2294.25,10.5,17392.28,1
06007,Colima,Manzanillo,781.2,9.3,17461.319994879672,2
06008,Colima,Minatitlán,770.68,10.630068965517241,20568.77999948098,1
06010,Colima,Villa de Álvarez,726.26,10.47994227994228,18619.629994767714,1
07001,Chiapas,Acacoyagua,171.72,5.3999999999999995,10248.339972047519,2
07002,Chiapas,Acala,56.87,5.17,13841.26991383858,2
07004,Chiapas,Altamirano,37.2,4.133333333333334,9776.749999999998,2
07006,Chiapas,Amatenango de La Frontera,817.95,6.65,20962.190011614402,2
07007,Chiapas,Amatenango del Valle,498.57,6.525785340314136,20464.98375353511,2
07010,Chiapas,Bejucal de Ocampo,485.0,4.217391304347826,14226.0,2
07011,Chiapas,Bella Vista,1449.7,6.65,20962.190004828586,2
07019,Chiapas,Comitán de Domínguez,854.38,7.209957805907173,24449.730003043143,2
07023,Chiapas,Chamula,516.69,6.710259740259741,19830.50000967698,2
07026,Chiapas,Chenalhó,275.13,6.182696629213483,19786.120561189255,2
07028,Chiapas,Chiapilla,53.19,4.601211072664359,12000.0,2
07036,Chiapas,La Grandeza,80.06,3.8123809523809524,24597.960029977516,2
07037,Chiapas,Huehuetán,56.7,4.05,9883.640035273369,2
07038,Chiapas,Huixtán,306.15,4.71,19258.75998693451,2
07040,Chiapas,Huixtla,36.45,4.050000000000001,10248.339917695472,2
07041,Chiapas,La Independencia,855.25,7.918981481481482,18710.239999999998,2
07049,Chiapas,Larráinzar,771.38,6.802292768959435,27522.342723430735,2
07052,Chiapas,Las Margaritas,36.41,6.619999999999999,24448.76023070585,2
07053,Chiapas,Mazapa de Madero,172.9,6.65,20962.19005205321,2
07057,Chiapas,Motozintla,592.4,5.289285714285714,20962.190006752193,2
07064,Chiapas,Oxchuc,323.78,6.462674650698602,23223.077367348204,2
07066,Chiapas,Pantelhó,70.2,5.4,16078.739886039886,2
07071,Chiapas,Villa Comaltitlán,24.3,4.05,10248.339917695474,2
07075,Chiapas,Las Rosas,322.18,5.955268022181146,26882.72040474269,2
07078,Chiapas,San Cristóbal de Las Casas,573.02,6.5488,28881.527573208616,2
07080,Chiapas,Siltepec,112.71,6.63,14223.500044361635,2
07093,Chiapas,Tenejapa,419.82,6.370561456752655,28073.199633176122,2
07094,Chiapas,Teopisca,1270.46,6.683114150447134,28742.548557215498,1
07098,Chiapas,Totolapa,33.6,6.339622641509434,12665.68005952381,2
07099,Chiapas,La Trinitaria,2756.43,6.650012062726176,25415.193899355327,1
07103,Chiapas,Tuzantán,17.38,5.793333333333333,10248.34004602992,2
07104,Chiapas,Tzimol,315.81,7.609879518072289,25093.02998638422,2
07110,Chiapas,San Lucas,95.1,6.34,11859.16004206099,2
07111,Chiapas,Zinacantán,2285.5,6.53,29599.650002187704,1
07112,Chiapas,San Juan Cancuc,715.21,6.622314814814815,28265.0599963647,2
07113,Chiapas,Aldama,453.6,6.300000000000001,18801.58000440917,2
07119,Chiapas,Santiago El Pinar,914.94,6.630000000000001,29461.469998032655,1
07123,Chiapas,Emiliano Zapata,27.11,5.02037037037037,11572.929915160457,2
08027,Chihuahua,Guachochi,219.0,7.3,29000.0,2
08029,Chihuahua,Guadalupe Y Calvo,182.0,6.7407407407407405,10248.34,2
10002,Durango,Canelas,258.97,8.930000000000001,15096.920029347026,2
10019,Durango,Otáez,27.69,8.932258064516128,12300.0,2
10023,Durango,Pueblo Nuevo,2543.4,7.8500000000000005,19299.2400015727,1
10026,Durango,San Dimas,2606.2,7.85,19713.330001534803,1
10034,Durango,Tamazula,2684.7,7.85,19500.0,1
10037,Durango,Topia,183.96,8.930097087378641,18750.876168732335,2
11001,Guanajuato,Abasolo,141.1,8.299999999999999,25000.0,2
11003,Guanajuato,San Miguel de Allende,64.5,6.45,12819.317829457364,2
11004,Guanajuato,Apaseo El Alto,17.5,8.75,12226.458285714287,2
11005,Guanajuato,Apaseo El Grande,108.6,9.049999999999999,10420.554788213629,2
11007,Guanajuato,Celaya,162.33,9.018333333333334,10711.262551592434,2
11009,Guanajuato,Comonfort,288.3,9.009375,9736.336142906694,2
11012,Guanajuato,Cuerámaro,182.0,7.583333333333333,25000.0,2
11015,Guanajuato,Guanajuato,143.0,6.5,12000.0,2
11016,Guanajuato,Huanímaro,25.2,8.4,25000.0,2
11019,Guanajuato,Jerécuaro,48.36,7.8,28086.850082712986,2
11020,Guanajuato,León,215.4,7.180000000000001,21729.25,2
11023,Guanajuato,Pénjamo,98.1,16.349999999999998,20816.292048929663,1
11025,Guanajuato,Purísima del Rincón,8.4,8.4,12324.320238095237,2
11026,Guanajuato,Romita,80.0,8.0,20395.52,2
11027,Guanajuato,Salamanca,103.39999999999999,7.385714285714285,22350.097969052225,2
11031,Guanajuato,San Francisco del Rincón,83.2,5.2,19625.380048076924,2
11035,Guanajuato,Santa Cruz de Juventino Rosas,8.5,8.5,12324.32,2
11037,Guanajuato,Silao de La Victoria,200.4,5.894117647058824,15781.437125748502,2
11039,Guanajuato,Tarimoro,167.4,9.3,12324.320011947431,2
12001,Guerrero,Acapulco de Juárez,82.17999999999999,7.47090909090909,9175.370893161355,2
12002,Guerrero,Ahuacuotzingo,23.29,6.973053892215569,15996.319879776727,2
12004,Guerrero,Alcozauca de Guerrero,8.77,8.77,13500.0,2
12006,Guerrero,Apaxtla,20.79,6.93,11846.484848484848,2
12011,Guerrero,Atoyac de Álvarez,505.76,6.484102564102564,15226.514156912372,2
12012,Guerrero,Ayutla de Los Libres,800.4,6.96,13236.3400049975,2
12015,Guerrero,Buenavista de Cuéllar,19.0,4.75,13900.0,2
12016,Guerrero,Coahuayutla de José María Izazaga,210.45,6.189705882352941,14350.500023758614,2
12017,Guerrero,Cocula,17.5,8.75,11251.290285714285,2
12022,Guerrero,Coyuca de Catalán,310.2,10.34,9206.35,2
12026,Guerrero,Cuetzala del Progreso,245.5,9.442307692307692,9450.0,2
12028,Guerrero,Chilapa de Álvarez,17.36,8.68,12910.440092165898,2
12029,Guerrero,Chilpancingo de Los Bravo,835.2,8.700000000000001,9987.0,2
12032,Guerrero,General Heliodoro Castillo,9815.54,8.048823288232883,12917.102371341769,1
12036,Guerrero,Igualapa,135.26,5.830172413793103,8095.0,2
12037,Guerrero,Ixcateopan de Cuauhtémoc,27.66,4.61,9883.639913232104,2
12038,Guerrero,Zihuatanejo de Azueta,215.8,6.53939393939394,17852.77891566265,2
12040,Guerrero,Leonardo Bravo,2115.35,8.813958333333334,11635.37122462004,2
12044,Guerrero,Mochitlán,348.59000000000003,8.013563218390805,10772.652657850196,2
12046,Guerrero,Ometepec,312.4,5.68,8625.0,2
12048,Guerrero,Petatlán,380.61,7.462941176470588,15030.02540658417,2
12049,Guerrero,Pilcaya,6.3,6.3,15975.0,2
12051,Guerrero,Quechultenango,150.95000000000002,7.020930232558141,10621.930705531631,2
12052,Guerrero,San Luis Acatlán,710.02,5.42,7825.0,2
12055,Guerrero,Taxco de Alarcón,408.07,6.520773410035155,14810.401842821084,2
12056,Guerrero,Tecoanapa,392.64,4.09,13662.329996943765,2
12057,Guerrero,Técpan de Galeana,3457.79,7.028028455284553,14551.119154141807,2
12058,Guerrero,Teloloapan,290.4,8.297142857142857,11054.350000000002,2
12060,Guerrero,Tetipac,17.29,8.47549019607843,14564.95083863505,2
12062,Guerrero,Tlacoachistlahuaca,999.6,5.88,8360.0,2
12071,Guerrero,Xochistlahuaca,795.0,6.36,8360.0,2
12074,Guerrero,Zitlala,2.66,6.65,9925.0,2
12075,Guerrero,Eduardo Neri,218.19,7.038387096774193,9941.14198634218,2
12079,Guerrero,José Joaquín de Herrera,18.45,6.1499999999999995,14985.0,2
13002,Hidalgo,Acaxochitlán,460.01,7.85,20107.71000630421,2
13012,Hidalgo,Atotonilco El Grande,606.55,9.943442622950819,12492.150737779244,2
13014,Hidalgo,Calnali,208.03,7.850188679245283,21763.600009613998,2
13019,Hidalgo,Chilcuautla,45.9,5.1,11167.730065359478,2
13020,Hidalgo,Eloxochitlán,265.36,5.896888888888889,20000.0,2
13024,Hidalgo,Huasca de Ocampo,1111.03,9.258583333333332,13645.803632665185,2
13030,Hidalgo,Ixmiquilpan,26.0,8.666666666666666,17503.11,2
13031,Hidalgo,Jacala de Ledezma,54.510000000000005,4.955454545454546,9891.197578425974,2
13034,Hidalgo,Lolotla,47.1,7.8500000000000005,20000.0,2
13036,Hidalgo,San Agustín Metzquititlán,793.6,6.2,25899.58999495968,2
13037,Hidalgo,Metztitlán,423.3,8.3,22755.139995275218,2
13038,Hidalgo,Mineral del Chico,35.7,5.1000000000000005,13917.71988795518,2
13043,Hidalgo,Nicolás Flores,350.0,7.142857142857143,26033.39697142857,2
13047,Hidalgo,Pacula,41.0,4.1,22000.0,2
13053,Hidalgo,San Bartolo Tutotepec,428.61,7.85,26370.890016565176,2
13059,Hidalgo,Tecozautla,114.7,7.4,8883.259982563208,2
13060,Hidalgo,Tenango de Doria,117.75,7.85,21918.340042462845,2
13062,Hidalgo,Tepehuacán de Guerrero,510.25,7.85,20602.010014698677,2
13068,Hidalgo,Tianguistengo,133.45,7.85,19872.280029973776,2
13071,Hidalgo,Tlahuiltepa,55.5,4.625,25000.0,2
13073,Hidalgo,Tlanchinol,125.6,7.85,21711.960031847135,2
13081,Hidalgo,Zacualtipán de Ángeles,70.65,7.8500000000000005,19974.290021231423,2
13084,Hidalgo,Zimapán,60.699999999999996,4.669230769230769,19209.326523887972,2
14001,Jalisco,Acatic,1590.24,13.20797342192691,26565.21345834591,1
14002,Jalisco,Acatlán de Juárez,429.0,14.3,9308.43,1
14003,Jalisco,Ahualulco de Mercado,765.68,11.26,21041.619997910355,1
14004,Jalisco,Amacueca,2852.7,12.100016966406514,21522.919823325272,1
14006,Jalisco,Ameca,1540.48,13.28,17329.009996884088,1
14007,Jalisco,San Juanito de Escobedo,224.39,11.809999999999999,28091.589999554348,1
14008,Jalisco,Arandas,3700.19,16.66752252252252,26976.89000024323,1
14009,Jalisco,El Arenal,605.28,11.005090909090908,24731.305709754164,1
14011,Jalisco,Atengo,910.0,14.0,27457.39,1
14012,Jalisco,Atenguillo,1278.9,12.180000000000001,22551.699999999997,1
14013,Jalisco,Atotonilco El Alto,5404.0,19.3,26079.5,1
14014,Jalisco,Atoyac,5802.92,12.100004170315694,25717.621145905854,1
14015,Jalisco,Autlán de Navarro,771.82,10.430000000000001,25147.15000906947,1
14016,Jalisco,Ayotlán,3218.97,17.59,26487.370000341725,1
14017,Jalisco,Ayutla,278.61,10.593536121673004,27301.390797171673,1
14018,Jalisco,La Barca,975.6,16.26,26456.35,1
14020,Jalisco,Cabo Corrientes,98.67,7.59,18735.74004256613,2
14023,Jalisco,Zapotlán el Grande,73229.5,11.839854486661277,24376.06090755775,1
14024,Jalisco,Cocula,774.8,11.92,27255.970005162624,1
14026,Jalisco,Concepción de Buenos Aires,20396.760000000002,11.324990005774442,24149.950045987694,1
14027,Jalisco,Cuautitlán de García Barragán,1035.0,7.666666666666667,11371.83,2
14030,Jalisco,Chapala,161.46,17.94,25776.91998018085,1
14032,Jalisco,Chiquilistlán,1958.55,11.87,25603.31000485053,1
14033,Jalisco,Degollado,4599.0,18.25,27114.040008697542,1
14036,Jalisco,Etzatlán,274.39,11.93,27364.239986879988,1
14038,Jalisco,Guachinango,96.0,9.6,23024.289999999997,2
14044,Jalisco,Ixtlahuacán de Los Membrillos,421.44,17.56,24195.41998861048,1
14045,Jalisco,Ixtlahuacán del Río,585.06,11.94,27691.140002734763,1
14048,Jalisco,Jesús María,1399.49,10.52248120300752,26300.93000307255,1
14050,Jalisco,Jocotepec,656.38,17.74,24262.100003047013,1
14054,Jalisco,El Limón,16.11,10.74,25492.490378646806,2
14055,Jalisco,Magdalena,146.4,12.200000000000001,27956.290027322404,1
14057,Jalisco,La Manzanilla de la Paz,4332.1,11.94238456237078,24557.33357494056,1
14058,Jalisco,Mascota,1507.28,11.919968366943456,28767.86634202006,1
14059,Jalisco,Mazamitla,10423.16,12.789153374233129,25487.6673225778,1
14062,Jalisco,Mixtlán,489.0,12.538461538461538,22825.2,1
14063,Jalisco,Ocotlán,206.57,15.889999999999999,26879.910006293267,1
14065,Jalisco,Pihuamo,489.6,10.200000000000001,24584.46999591503,1
14067,Jalisco,Puerto Vallarta,113.0,7.533333333333333,19150.0,2
14068,Jalisco,Villa Purificación,705.65,6.415,29800.0,2
14069,Jalisco,Quitupan,6875.7,10.663471828037036,25036.754960222235,1
14071,Jalisco,San Cristóbal de La Barranca,49.92,12.48,18238.170072115383,1
14075,Jalisco,San Marcos,136.2,11.35,26202.24001468429,1
14077,Jalisco,San Martín Hidalgo,442.8,12.3,27725.479990966574,1
14079,Jalisco,Gómez Farías,19705.16,11.251540257975368,24810.56957314734,1
14080,Jalisco,San Sebastián del Oeste,332.8,10.4,26772.510006009616,1
14081,Jalisco,Santa María de Los Ángeles,85.23,9.47,17785.2400563182,2
14082,Jalisco,Sayula,12625.9,11.9,24305.54000110883,1
14083,Jalisco,Tala,500.0,9.900990099009901,28022.17,1
14084,Jalisco,Talpa de Allende,367.2,11.475,27859.340005446626,1
14085,Jalisco,Tamazula de Gordiano,12380.19,12.405000000000001,23298.750003029032,1
14086,Jalisco,Tapalpa,16807.92,11.87,24952.779998952876,1
14087,Jalisco,Tecalitlán,2120.38,11.218941798941799,24351.064092285345,1
14088,Jalisco,Tecolotlán,1005.0,16.75,25461.54,1
14089,Jalisco,Techaluta de Montenegro,145.2,12.1,23360.870041322316,1
14090,Jalisco,Tenamaxtlán,31.6,15.8,27094.449999999997,1
14092,Jalisco,Teocuitatlán de Corona,660.06,12.100091659028413,23469.889994848956,1
14093,Jalisco,Tepatitlán de Morelos,6153.13,12.500010157440325,26708.668303773848,1
14094,Jalisco,Tequila,252.0,12.0,28460.21,1
14095,Jalisco,Teuchitlán,20.86,10.43,28399.5,2
14096,Jalisco,Tizapán El Alto,771.85,17.95,23451.319997408824,1
14097,Jalisco,Tlajomulco de Zúñiga,378.0,14.0,13269.14,1
14098,Jalisco,San Pedro Tlaquepaque,118.8,14.85,22122.800000000003,1
14099,Jalisco,Tolimán,947.15,8.280730897009967,26218.68398880853,1
14103,Jalisco,Tonila,13855.2,12.99737335834897,24488.106869622956,1
14105,Jalisco,Tototlán,549.0,18.3,26825.129999999997,1
14107,Jalisco,Tuxcueca,928.03,17.509999999999998,26231.71999827592,1
14108,Jalisco,Tuxpan,24512.5,13.25,24846.220002039772,1
14112,Jalisco,Valle de Juárez,1183.48,13.16440489432703,25103.19997803089,1
14113,Jalisco,San Gabriel,28409.14,11.5,23960.3500000352,1
14114,Jalisco,Villa Corona,468.6,14.200000000000001,26845.469995731968,1
14118,Jalisco,Yahualica de González Gallo,394.8,14.1,27887.639994934143,1
14119,Jalisco,Zacoalco de Torres,533.61,12.1,24398.010007308705,1
14120,Jalisco,Zapopan,368.75,14.75,17700.24,1
14121,Jalisco,Zapotiltic,30320.4,12.000000000000002,23176.999999999996,1
14122,Jalisco,Zapotitlán de Vadillo,11504.8,9.85,22831.162436548224,1
14123,Jalisco,Zapotlán del Rey,30.54,15.27,27412.420104780616,1
14124,Jalisco,Zapotlanejo,412.17,12.49,18135.659994662397,1
15004,Estado de México,Almoloya de Alquisiras,6779.52,11.150526315789474,16473.942991539225,1
15007,Estado de México,Amanalco,595.86,11.570097087378642,12252.5271875944,1
15008,Estado de México,Amatepec,1699.0,10.270825776810542,17035.727486756918,1
15015,Estado de México,Atlautla,1476.56,9.296480513756846,21664.86969713388,1
15021,Estado de México,Coatepec Harinas,25648.35,11.781511254019293,18989.782040560116,1
15032,Estado de México,Donato Guerra,16240.109999999999,11.100553656869446,16397.128892599867,1
15034,Estado de México,Ecatzingo,1301.96,9.870062921689032,22500.0,1
15040,Estado de México,Ixtapan de La Sal,245.88,10.245,16431.992028631856,2
15041,Estado de México,Ixtapan del Oro,3057.42,10.69027972027972,16967.75585951554,1
15049,Estado de México,Joquicingo,1381.8,9.87,22041.330004342162,1
15050,Estado de México,Juchitepec,470.21,9.870067170445004,27789.940877480276,1
15052,Estado de México,Malinalco,7157.25,10.92709923664122,17591.794845785742,1
15060,Estado de México,Nicolás Romero,78.96,9.87,14626.300025329281,2
15063,Estado de México,Ocuilan,3238.41,10.480291262135921,17401.53610568149,1
15066,Estado de México,Otzoloapan,128.31,9.870000000000001,10728.520068583897,2
15068,Estado de México,Ozumba,1288.22,9.720947781466949,22764.875836425457,1
15077,Estado de México,San Simón de Guerrero,3875.27,9.911176470588234,20835.30547290898,1
15078,Estado de México,Santo Tomás,161.98,11.569999999999999,12252.630016051366,2
15080,Estado de México,Sultepec,3343.05,9.690000000000001,17746.6,1
15082,Estado de México,Tejupilco,1206.06,11.570030698388335,18184.171757624,1
15086,Estado de México,Temascaltepec,17390.63,10.546167374166162,21325.00163018821,1
15088,Estado de México,Tenancingo,8867.88,10.03153846153846,17319.439674420493,1
15090,Estado de México,Tenango del Valle,157.92,9.87,21000.0,2
15094,Estado de México,Tepetlixpa,1373.76,9.81257142857143,27080.168289948757,1
15097,Estado de México,Texcaltitlán,333.69,10.764193548387096,18399.32997692469,1
15110,Estado de México,Valle de Bravo,10071.619999999999,10.426107660455486,18634.58523653593,1
15111,Estado de México,Villa de Allende,5622.51,11.177952286282306,17252.653933919195,1
15113,Estado de México,Villa Guerrero,6260.11,11.342833846711361,14661.629402678229,1
15116,Estado de México,Zacazonapan,46.28,11.57,12252.63007778738,2
15117,Estado de México,Zacualpan,358.53,9.69,16063.240007809669,2
15119,Estado de México,Zumpahuacán,762.24,11.91,17405.140008396305,1
15123,Estado de México,Luvianos,1608.23,11.57,21262.400004974414,1
16001,Michoacán,Acuitzio,20950.26,10.683457419683833,25660.27445482777,1
16002,Michoacán,Aguililla,621.0,13.8,20632.41,1
16006,Michoacán,Apatzingán,10647.96,10.68,21736.80999928625,1
16008,Michoacán,Aquila,42.72,10.68,19200.0,2
16009,Michoacán,Ario,211762.7,10.496812729255478,21916.15992807043,1
16015,Michoacán,Coalcomán de Vázquez Pallares,7086.65,13.549999999999999,18182.030000070557,1
16016,Michoacán,Coeneo,631.2,10.520000000000001,21009.649999999998,1
16018,Michoacán,Copándaro,43.6,10.9,18566.97018348624,2
16019,Michoacán,Cotija,32696.84,11.88976,22563.438365909362,1
16021,Michoacán,Charapan,16172.8,8.959999999999999,20321.179999752672,1
16022,Michoacán,Charo,1463.3300000000002,9.320573248407644,19444.00574033198,1
16025,Michoacán,Chilchota,13727.2,10.236539895600298,22107.506071157994,1
16026,Michoacán,Chinicuila,871.24,9.47,20115.33000091823,1
16032,Michoacán,Erongarícuaro,10002.85,13.99,20645.64999975007,1
16034,Michoacán,Hidalgo,465.92,8.96,18211.890002575547,2
16039,Michoacán,Huiramba,2546.6,10.7,21798.18000078536,1
16040,Michoacán,Indaparapeo,37.88,9.47,17687.700105596618,2
16041,Michoacán,Irimbo,1680.48,9.182950819672131,17459.992978196704,1
16044,Michoacán,Jiménez,5830.8,10.32,21013.110002058034,1
16045,Michoacán,Jiquilpan,1602.3,10.9,21256.29000187231,1
16046,Michoacán,Juárez,445.1,10.990123456790124,20191.853179060883,1
16047,Michoacán,Jungapeo,344.38,9.435068493150684,17623.73593123875,2
16048,Michoacán,Lagunillas,460.1,10.700000000000001,21753.79000217344,1
16049,Michoacán,Madero,16756.92,10.68,26231.63000121741,1
16050,Michoacán,Maravatío,96.0,10.666666666666666,18296.359166666665,2
16053,Michoacán,Morelia,16397.82,10.686099706744868,25692.17183137759,1
16054,Michoacán,Morelos,1519.98,10.34,21206.720002894774,1
16057,Michoacán,Nocupétaro,56.82,9.47,18161.510031678987,2
16058,Michoacán,Nuevo Parangaricutiro,95888.6,10.663767793594307,24088.100097404695,1
16059,Michoacán,Nuevo Urecho,3134.96,10.52,22548.69000242427,1
16061,Michoacán,Ocampo,1003.0999999999999,10.558947368421052,19304.38573422391,1
16062,Michoacán,Pajacuarán,70.02,11.67,21491.229934304483,1
16063,Michoacán,Panindícuaro,47.35,9.47,22200.0,2
16066,Michoacán,Pátzcuaro,12807.9,10.7,22290.730002576536,1
16067,Michoacán,Penjamillo,112.2,10.200000000000001,20027.66007130125,2
16068,Michoacán,Peribán,153789.16999999998,13.08732618500553,20701.032336672342,1
16070,Michoacán,Purépero,8823.0,10.2,21112.009996599794,1
16072,Michoacán,Queréndaro,808.5899999999999,10.639342105263157,18630.04975327422,1
16073,Michoacán,Quiroga,2118.6,10.7,22339.16000188804,1
16075,Michoacán,Los Reyes,92452.12,13.063744524516038,20816.7257581546,1
16076,Michoacán,Sahuayo,168.0,12.0,21340.829999999998,1
16079,Michoacán,Salvador Escalante,190839.7,11.420004787265874,21668.303309007508,1
16081,Michoacán,Susupuato,3966.1400000000003,10.690404312668464,18776.395457548144,1
16082,Michoacán,Tacámbaro,196028.40000000002,11.256619483763531,19668.7705914041,1
16083,Michoacán,Tancítaro,268975.9,10.726855433698905,22096.676247202817,1
16084,Michoacán,Tangamandapio,40231.0,12.0308014354067,20307.050851830678,1
16085,Michoacán,Tangancícuaro,19678.06,10.217061266874351,21035.044302131406,1
16086,Michoacán,Tanhuato,131.0,13.1,21142.3,1
16087,Michoacán,Taretan,35065.259999999995,10.495438491469619,21554.959880519924,1
16088,Michoacán,Tarímbaro,37.88,9.47,17632.360084477295,2
16089,Michoacán,Tepalcatepec,207.1,10.9,23278.890004828587,1
16090,Michoacán,Tingambato,42854.3,10.097620169651274,22295.34659999113,1
16091,Michoacán,Tingüindín,65477.53,12.10529303013496,21654.05845944403,1
16094,Michoacán,Tlazazalca,2829.2,10.25072463768116,20089.224222395027,1
16095,Michoacán,Tocumbo,12742.27,11.842258364312269,22679.2439698735,1
16097,Michoacán,Turicato,73975.78,11.186417662180553,19177.60647741734,1
16098,Michoacán,Tuxpan,3717.9900000000002,9.388863636363636,18202.091839945777,1
16099,Michoacán,Tuzantla,263.5,15.5,19057.719999999998,1
16100,Michoacán,Tzintzuntzan,599.2,10.700000000000001,22722.149999999998,1
16101,Michoacán,Tzitzio,470.0,10.0,19185.420000000002,1
16102,Michoacán,Uruapan,201170.38,11.11315766213678,24258.51079567479,1
16105,Michoacán,Vista Hermosa,42.72,10.68,21746.05009363296,2
16106,Michoacán,Yurécuaro,21.36,10.68,21746.05009363296,2
16107,Michoacán,Zacapu,48209.91,12.110000000000001,21523.63999434971,1
16110,Michoacán,Zinapécuaro,2481.55,10.789347826086958,19194.14255203401,1
16111,Michoacán,Ziracuaretiro,59498.25,11.387224880382774,20251.498543234466,1
16112,Michoacán,Zitácuaro,13968.78,10.606514806378133,22395.785795180396,1
17004,Morelos,Ayala,66.5,9.5,20362.719999999998,2
17007,Morelos,Cuernavaca,2527.0,9.5,27769.96,1
17009,Morelos,Huitzilac,199.5,9.5,14404.690025062657,2
17016,Morelos,Ocuituco,17710.18,8.539141755062682,21389.53609167157,1
17019,Morelos,Tepalcingo,47.5,9.5,20212.7,2
17020,Morelos,Tepoztlán,836.0,9.5,21300.0,1
17022,Morelos,Tetela del Volcán,15109.949999999999,8.967329376854599,21243.461890343777,1
17023,Morelos,Tlalnepantla,3724.0,9.5,21000.0,1
17026,Morelos,Tlayacapan,741.0,9.5,14404.689999999999,2
17027,Morelos,Totolapan,3363.0,9.5,21300.0,1
17029,Morelos,Yautepec,171.4,9.522222222222222,19939.90665110852,2
17030,Morelos,Yecapixtla,3990.42,7.901821782178218,23739.841758511633,1
17032,Morelos,Zacualpan de Amilpas,1259.12,9.326814814814814,20780.836163352185,1
17036,Morelos,Hueyapan,2669.5,9.5,22250.0,1
18002,Nayarit,Ahuacatlán,360.38,9.74,9337.45002497364,2
18003,Nayarit,Amatlán de Cañas,497.96999999999997,8.031774193548387,9235.848565174609,2
18004,Nayarit,Compostela,548.39,8.436769230769231,19161.096719487956,2
18006,Nayarit,Ixtlán del Río,336.52,8.628717948717949,9285.231903007252,2
18007,Nayarit,Jala,5671.48,8.358850405305821,9273.701626383237,2
18008,Nayarit,Xalisco,24962.9,7.855403109069167,9346.289330165966,1
18011,Nayarit,Ruíz,46.62,7.77,9597.540111540113,2
18012,Nayarit,San Blas,8517.57,10.55460966542751,7819.589978127565,1
18013,Nayarit,San Pedro Lagunillas,2370.75,9.083333333333334,21402.625291574397,1
18014,Nayarit,Santa María del Oro,4387.66,8.389407265774379,9309.413003742315,2
18017,Nayarit,Tepic,25919.980000000003,8.00369924347692,9410.933361059691,1
18020,Nayarit,Bahía de Banderas,65.02,8.1275,12215.132420793601,2
19007,Nuevo León,Aramberri,2809.45,8.049999999999999,11999.390001601738,2
19008,Nuevo León,Bustamante,148.93,8.050270270270271,11235.622775800712,2
19017,Nuevo León,Galeana,90.45,6.957692307692308,19004.97512437811,2
19024,Nuevo León,General Zaragoza,627.9,8.049999999999999,19814.760009555663,2
19043,Nuevo León,Rayones,1601.95,8.05,14105.670002184836,2
19044,Nuevo León,Sabinas Hidalgo,241.5,8.05,11200.0,2
19048,Nuevo León,Santa Catarina,4.5,4.5,10000.0,2
19051,Nuevo León,Villaldama,48.3,8.049999999999999,10856.000000000002,2
20001,Oaxaca,Abejones,27.48,7.851428571428571,27342.25,2
20003,Oaxaca,Asunción Cacalotepec,140.65,4.8500000000000005,15235.335940277284,2
20004,Oaxaca,Asunción Cuyotepeji,18.45,8.2,19201.150135501353,2
20019,Oaxaca,Concepción Pápalo,262.51,7.14312925170068,18117.222696278237,2
20023,Oaxaca,Cuilápam de Guerrero,114.8,8.2,22327.220034843205,2
20024,Oaxaca,Cuyamecalco Villa de Zaragoza,310.83,7.313647058823529,18593.091110896636,2
20027,Oaxaca,Chiquihuitlán de Benito Juárez,149.91,7.421287128712871,18491.906543926358,2
20028,Oaxaca,Heroica Ciudad de Ejutla de Crespo,285.09,6.700117508813161,17739.54000491073,2
20029,Oaxaca,Eloxochitlán de Flores Magón,12.25,3.5,15307.689795918368,2
20031,Oaxaca,Tamazulápam del Espíritu Santo,318.43,4.861526717557252,15215.383569387306,2
20038,Oaxaca,Villa Hidalgo Yalálag,42.77,7.128333333333334,27707.915595043254,2
20039,Oaxaca,Heroica Ciudad de Huajuapan de León,28.7,8.2,18475.7,2
20040,Oaxaca,Huautepec,14.0,3.5,15307.69,2
20041,Oaxaca,Huautla de Jiménez,231.25,6.607142857142857,18489.579329729728,2
20042,Oaxaca,Ixtlán de Juárez,32.85,3.6500000000000004,14369.189954337899,2
20045,Oaxaca,Magdalena Apasco,103.32,8.2,22048.430023228804,2
20048,Oaxaca,Magdalena Mixtepec,217.3,8.200000000000001,22603.530004601933,2
20050,Oaxaca,Magdalena Peñasco,31.79,5.481034482758621,16197.540106951872,2
20058,Oaxaca,Mazatlán Villa de Flores,1524.78,6.622280130293159,17984.523832946394,2
20059,Oaxaca,Miahuatlán de Porfirio Díaz,52.6,6.7006369426751595,18698.6,2
20060,Oaxaca,Mixistlán de La Reforma,9.42,7.8500000000000005,15200.170912951166,2
20073,Oaxaca,Putla Villa de Guerrero,10.96,5.48,16142.999999999998,2
20084,Oaxaca,San Agustín Etla,73.8,8.2,22320.280081300814,2
20086,Oaxaca,San Agustín Tlacotepec,10.96,5.48,16256.390510948904,2
20088,Oaxaca,San Andrés Cabecera Nueva,13.7,5.4799999999999995,16208.530656934307,2
20089,Oaxaca,San Andrés Dinicuiti,17.63,8.2,19566.50028360749,2
20098,Oaxaca,San Andrés Teotilálpam,43.18,7.850909090909091,19124.909911996296,2
20104,Oaxaca,San Antonino El Alto,135.3,8.200000000000001,22358.160014781963,2
20108,Oaxaca,San Antonio Huitepec,344.4,8.2,22254.030023228806,2
20110,Oaxaca,San Antonio Sinicahua,12.07,5.486363636363636,16283.550124275063,2
20119,Oaxaca,San Bartolomé Yucuañe,13.7,5.4799999999999995,16555.780291970805,2
20123,Oaxaca,San Bernardo Mixtepec,278.8,8.200000000000001,22213.430021520802,2
20127,Oaxaca,San Cristóbal Amoltepec,16.44,5.48,16334.640510948902,2
20128,Oaxaca,San Cristóbal Lachirioag,3.52,3.52,13499.261363636364,2
20137,Oaxaca,San Francisco Cahuacuá,38.75,7.75,17875.63019354839,2
20138,Oaxaca,San Francisco Cajonos,31.4,7.85,28104.950000000004,2
20139,Oaxaca,San Francisco Chapulapa,169.23,7.504656319290465,18523.503515925073,2
20142,Oaxaca,San Francisco Huehuetlán,70.7,5.545098039215686,18469.933946251767,2
20148,Oaxaca,San Francisco Ozolotepec,172.86,6.7,17863.36000231401,2
20149,Oaxaca,San Francisco Sola,42.63,7.750909090909091,23143.429978888107,2
20154,Oaxaca,San Ildefonso Amatlán,18.76,6.700000000000001,17689.97014925373,2
20156,Oaxaca,San Ildefonso Villa Alta,24.82,3.520567375886525,13653.469379532635,2
20163,Oaxaca,San Jerónimo Tecóatl,145.43,6.5215246636771305,21716.50354122258,2
20171,Oaxaca,San José Tenango,28.0,3.5,15307.69,2
20172,Oaxaca,San Juan Achiutla,45.49,5.4807228915662645,16246.539898878873,2
20173,Oaxaca,San Juan Atepec,29.45,7.8533333333333335,28820.770118845503,2
20174,Oaxaca,Ánimas Trujano,41.0,8.2,22147.89,2
20177,Oaxaca,San Juan Bautista Cuicatlán,84.47999999999999,5.279999999999999,14201.921283143942,2
20187,Oaxaca,San Juan Coatzóspam,335.98,4.851696750902527,16875.483332341213,2
20191,Oaxaca,San Juan Chicomezúchil,21.05,5.613333333333333,21266.054156769595,2
20193,Oaxaca,San Juan del Estado,172.2,8.2,21843.240011614405,2
20200,Oaxaca,San Juan Juquila Mixes,106.32,5.554858934169278,15236.573551542515,2
20206,Oaxaca,San Juan de Los Cués,29.2,3.65,15000.0,2
20208,Oaxaca,San Juan Mixtepec,224.68,5.48,16347.230016022788,2
20210,Oaxaca,San Juan Ñumí,8.22,5.48,16398.260340632605,2
20211,Oaxaca,San Juan Ozolotepec,114.57,6.699999999999999,17681.97006197085,2
20214,Oaxaca,San Juan Quiotepec,80.47,7.850731707317073,27554.020007456198,2
20216,Oaxaca,San Juan Tabaá,3.52,3.52,13847.428977272726,2
20220,Oaxaca,San Juan Tepeuxila,295.67,7.167757575757576,17945.36956742314,2
20222,Oaxaca,San Juan Yaeé,10.56,3.52,13526.850378787878,2
20228,Oaxaca,San Lorenzo Cuaunecuiltitla,7.0,3.5,15307.69,2
20229,Oaxaca,San Lorenzo Texmelúcan,45.73,7.750847457627118,23113.670019680732,2
20233,Oaxaca,San Lucas Quiaviní,36.0,8.0,30000.0,2
20234,Oaxaca,San Lucas Zoquiápam,383.43,7.234528301886793,18580.50001304019,2
20235,Oaxaca,San Luis Amatlán,42.21,6.7,17657.77019663587,2
20236,Oaxaca,San Marcial Ozolotepec,76.73,6.701310043668123,17468.350058647204,2
20239,Oaxaca,San Martín Huamelúlpam,15.35,5.482142857142858,16350.13029315961,2
20242,Oaxaca,San Martín Peras,20.5,8.2,18366.97024390244,2
20244,Oaxaca,San Martín Toxpalan,216.23,5.580129032258064,18123.827914720438,2
20246,Oaxaca,San Mateo Cajonos,52.6,7.850746268656716,28104.95,2
20249,Oaxaca,San Mateo Yoloxochitlán,17.5,3.5,15307.690285714287,2
20252,Oaxaca,San Mateo Peñasco,8.22,5.48,16407.060827250607,2
20254,Oaxaca,San Mateo Río Hondo,54.62,6.7018404907975455,17691.77993409008,2
20255,Oaxaca,San Mateo Sindihui,104.86,6.700319488817891,29498.593362578675,2
20258,Oaxaca,San Miguel Achiutla,41.1,5.48,16561.6102189781,2
20260,Oaxaca,San Miguel Aloápam,52.45,6.767741935483872,25970.85147759771,2
20263,Oaxaca,San Miguel Coatlán,38.33,6.701048951048951,17120.05009131229,2
20271,Oaxaca,San Miguel Mixtepec,188.6,8.2,22575.160021208907,2
20273,Oaxaca,San Miguel Peras,139.4,8.200000000000001,22084.460043041607,2
20275,Oaxaca,San Miguel Quetzaltepec,20.81,7.852830188679245,15201.24987986545,2
20276,Oaxaca,San Miguel Santa Flor,567.49,7.516423841059603,18214.100037005057,2
20277,Oaxaca,Villa Sola de Vega,48.45,7.752000000000001,22012.399999999998,2
20279,Oaxaca,San Miguel Suchixtepec,42.88,6.7,17519.230177238805,2
20280,Oaxaca,Villa Talea de Castro,3.52,3.52,13558.860795454546,2
20291,Oaxaca,San Pablo Coatlán,48.91,6.699999999999999,17887.35003066858,2
20293,Oaxaca,San Pablo Etla,63.55,8.2,22216.64012588513,2
20294,Oaxaca,San Pablo Huitzo,98.4,8.200000000000001,21855.840040650408,2
20295,Oaxaca,San Pablo Huixtepec,184.5,8.2,22362.29002710027,2
20299,Oaxaca,San Pablo Yaganiza,23.95,7.852459016393443,28104.949895615868,2
20301,Oaxaca,San Pedro Apóstol,53.3,8.2,22468.44015009381,2
20311,Oaxaca,San Pedro Jaltepetongo,13.2,3.52,8000.0,2
20317,Oaxaca,San Pedro Mártir Yucuxaco,8.22,5.48,16535.0900243309,2
20320,Oaxaca,San Pedro Molinos,30.14,5.48,16602.1300597213,2
20322,Oaxaca,San Pedro Ocopetatillo,34.24,5.267692307692308,19005.510221962617,2
20323,Oaxaca,San Pedro Ocotepec,7.85,7.85,15200.0,2
20325,Oaxaca,San Pedro Quiatoni,78.8,8.0,30000.0,2
20326,Oaxaca,San Pedro Sochiápam,12.32,3.52,8000.0,2
20329,Oaxaca,San Pedro Teozacoalco,12.06,6.7,29590.74046434494,2
20330,Oaxaca,San Pedro Teutila,7.04,3.52,12800.0,2
20335,Oaxaca,San Pedro Yaneri,14.6,3.65,13994.35,2
20336,Oaxaca,San Pedro Yólox,88.32,7.850666666666666,28690.120018115944,2
20337,Oaxaca,San Pedro Y San Pablo Ayutla,142.4,4.827118644067797,15205.038623595505,2
20347,Oaxaca,San Sebastián Río Hondo,25.46,6.7,16768.39002356638,2
20351,Oaxaca,San Simón Almolongas,14.07,6.7,16746.18052594172,2
20353,Oaxaca,Santa Ana,13.07,6.702564102564103,18229.44988523336,2
20354,Oaxaca,Santa Ana Ateixtlahuaca,10.5,3.5,15307.690476190477,2
20355,Oaxaca,Santa Ana Cuauhtémoc,12.67,3.5194444444444444,8001.2628255722175,2
20359,Oaxaca,Santa Ana Yareni,25.52,7.852307692307692,27595.730015673984,2
20362,Oaxaca,Santa Catarina Cuixtla,14.41,6.702325581395349,16713.500346981262,2
20363,Oaxaca,Santa Catarina Ixtepeji,4.38,3.65,13966.5,2
20370,Oaxaca,Santa Catarina Tayata,8.22,5.48,16222.480535279805,2
20374,Oaxaca,Santa Cruz Acatepec,149.08,6.700224719101124,18092.093238529644,2
20377,Oaxaca,Santa Cruz Itundujia,12.07,5.486363636363636,16550.749792874896,2
20378,Oaxaca,Santa Cruz Mixtepec,151.7,8.2,22519.230059327623,2
20379,Oaxaca,Santa Cruz Nundaco,5.48,5.48,16368.450729927006,2
20383,Oaxaca,Santa Cruz Tayata,49.32,5.48,16262.940186536902,2
20386,Oaxaca,Santa Cruz Zenzontepec,42.25,7.752293577981651,22672.809940828403,2
20388,Oaxaca,Santa Inés del Monte,278.8,8.200000000000001,22225.749999999996,2
20391,Oaxaca,Santa Lucía Miahuatlán,25.81,6.703896103896104,17478.710189848898,2
20392,Oaxaca,Santa Lucía Monteverde,54.8,5.4799999999999995,16616.780109489053,2
20394,Oaxaca,Santa María Alotepec,40.82,7.85,15200.81014208721,2
20397,Oaxaca,Heroica Ciudad de Tlaxiaco,10.96,5.48,16262.290145985402,2
20400,Oaxaca,Santa María Camotlán,18.86,8.200000000000001,18298.130434782608,2
20405,Oaxaca,Villa de Chilapa de Díaz,34.4,8.0,16788.770058139533,2
20410,Oaxaca,Santa María Ecatepec,2073.66,6.8,18312.53000009645,2
20416,Oaxaca,Santa María Ixcatlán,36.75,6.391304347826087,18312.65632653061,2
20424,Oaxaca,Santa María Ozolotepec,47.57,6.7,17099.560016817322,2
20425,Oaxaca,Santa María Pápalo,194.34,7.547184466019417,18963.6697025831,2
20428,Oaxaca,Santa María Quiegolani,821.1,6.8,18465.670003653635,2
20430,Oaxaca,Santa María Tataltepec,38.36,5.4799999999999995,16346.410062565174,2
20431,Oaxaca,Santa María Tecomavaca,96.38,5.354444444444444,15000.0,2
20432,Oaxaca,Santa María Temaxcalapa,3.52,3.52,13454.321022727272,2
20434,Oaxaca,Santa María Teopoxco,975.39,7.241202672605791,21761.066383702928,2
20435,Oaxaca,Santa María Tepantlali,85.18,4.4134715025906734,15290.108710965014,2
20436,Oaxaca,Santa María Texcatitlán,202.14,7.85009708737864,17396.124863955676,2
20437,Oaxaca,Santa María Tlahuitoltepec,120.22,6.411733333333333,15177.577857261685,2
20438,Oaxaca,Santa María Tlalixtac,195.85,7.6803921568627445,17937.279142200667,2
20445,Oaxaca,Santa María Yosoyúa,10.96,5.48,16363.990875912406,2
20446,Oaxaca,Santa María Yucuhiti,13.7,5.4799999999999995,16412.310218978102,2
20448,Oaxaca,Santa María Zaniza,65.89,7.751764705882353,20618.049931704358,2
20451,Oaxaca,Santiago Apoala,13.4,6.7,29190.710447761194,2
20454,Oaxaca,Santiago Atitlán,31.4,7.85,15203.75,2
20457,Oaxaca,Santiago Camotlán,17.95,3.519607843137255,14137.98495821727,2
20458,Oaxaca,Santiago Comaltepec,43.18,7.850909090909091,28363.650069476607,2
20462,Oaxaca,Santiago Huajolotitlán,13.94,8.2,18130.220229555238,2
20469,Oaxaca,Santiago Juxtlahuaca,82.0,8.2,17974.6,2
20473,Oaxaca,Santiago Laxopa,36.5,3.65,14128.490136986302,2
20475,Oaxaca,Santiago Matatlán,64.0,8.0,30000.0,2
20476,Oaxaca,Santiago Miltepec,6.56,8.2,18162.780487804877,2
20477,Oaxaca,Santiago Minas,15.5,7.75,17602.84,2
20478,Oaxaca,Santiago Nacaltepec,521.76,7.507338129496403,18622.08764566084,2
20483,Oaxaca,Santiago Suchilquitongo,82.0,8.2,22586.620000000003,2
20487,Oaxaca,Santiago Tenango,8.2,8.2,22225.75,2
20490,Oaxaca,Santiago Texcalcingo,2063.48,7.422589928057554,21723.182657452457,1
20491,Oaxaca,Santiago Textitlán,108.5,7.75,22993.51004608295,2
20495,Oaxaca,Santiago Xanica,20.91,6.701923076923077,17158.09995217599,2
20496,Oaxaca,Santiago Xiacuí,7.3,3.65,13900.0,2
20500,Oaxaca,Santiago Yosondúa,54.8,5.4799999999999995,16454.65,2
20501,Oaxaca,Santiago Yucuyachi,16.4,8.2,18183.04024390244,2
20502,Oaxaca,Santiago Zacatepec,31.4,7.85,15200.0,2
20504,Oaxaca,Nuevo Zoquiápam,21.9,3.65,14031.389954337901,2
20510,Oaxaca,Santo Domingo Ixcatlán,21.92,5.48,16495.8704379562,2
20512,Oaxaca,Santo Domingo Ozolotepec,31.49,6.699999999999999,17291.020006351224,2
20516,Oaxaca,Santo Domingo Teojomulco,23.25,7.75,20913.290322580644,2
20517,Oaxaca,Santo Domingo Tepuxtepec,317.17,4.656731757451182,15160.040167733392,2
20520,Oaxaca,Santo Domingo Tonalá,131.2,8.2,18139.0,2
20522,Oaxaca,Santo Domingo Xagacía,3.52,3.52,13928.238636363636,2
20527,Oaxaca,Santos Reyes Pápalo,299.8,7.224096385542169,18954.536657771845,2
20533,Oaxaca,Santo Tomás Tamazulapan,75.71,6.699999999999999,18085.660018491613,2
20537,Oaxaca,Silacayoápam,75.03,8.2,17954.02012528322,2
20540,Oaxaca,Villa de Tamazulápam del Progreso,567.95,8.267103347889375,16190.966299850339,2
20541,Oaxaca,Tanetze de Zaragoza,7.39,3.5190476190476185,14147.227334235453,2
20544,Oaxaca,Teococuilco de Marcos Pérez,31.4,7.85,27574.540127388536,2
20545,Oaxaca,Teotitlán de Flores Magón,100.92,5.396791443850268,18692.103547364248,2
20549,Oaxaca,"H. V. Tezoatlán de Segura y Luna, C. de la I.de O.",88.97,8.2,18126.35000561987,2
20554,Oaxaca,Totontepec Villa de Morelos,153.67,4.9811993517017825,15110.978265113556,2
20555,Oaxaca,Trinidad Zaachila,139.4,8.200000000000001,22403.38005738881,2
20560,Oaxaca,Villa Díaz Ordaz,26.0,8.0,30000.0,2
20564,Oaxaca,Yutanduchi de Guerrero,36.73,6.702554744525546,29395.58998094201,2
20565,Oaxaca,Villa de Zaachila,250.1,8.2,22370.840023990404,2
21010,Puebla,Ajalpan,131.25,7.094594594594595,14777.437333333333,2
21016,Puebla,Aquixtla,68.17,7.5744444444444445,20070.461346633416,2
21017,Puebla,Atempan,150.0,6.0,15000.0,2
21018,Puebla,Atexcal,106.6,8.2,19093.307692307695,2
21019,Puebla,Atlixco,1393.21,8.600061728395062,14486.803008878776,2
21026,Puebla,Calpan,41.25,8.25,20030.0,2
21027,Puebla,Caltepec,53.75,5.0,17255.04,2
21033,Puebla,Cohuecan,96.0,6.0,13514.92,2
21035,Puebla,Coxcatlán,64.36,7.151111111111111,16795.310441267866,2
21036,Puebla,Coyomeapan,42.0,6.0,13477.03,2
21039,Puebla,Cuautempan,532.12,7.390555555555555,19761.194824475682,2
21046,Puebla,Chapulco,30.81,5.601818181818182,18310.321324245375,2
21050,Puebla,Chichiquila,1825.05,8.295681818181817,17577.36735431906,2
21051,Puebla,Chietla,83.1,8.309999999999999,18530.330084235862,2
21054,Puebla,Chignautla,223.9,6.784848484848485,16673.154756587763,2
21055,Puebla,Chila,8.0,8.0,9000.0,2
21058,Puebla,Chilchotla,582.09,7.7612000000000005,16676.44463914515,2
21069,Puebla,Huaquechula,477.05,7.950833333333334,13512.554973273242,2
21074,Puebla,Huejotzingo,8.25,8.25,20000.0,2
21075,Puebla,Hueyapan,498.0,6.0,9438.27,2
21085,Puebla,Izúcar de Matamoros,171.45,8.792307692307691,17493.411431904344,2
21098,Puebla,Molcaxac,25.3,8.433333333333334,21521.73913043478,2
21102,Puebla,Nealtican,29.3,8.371428571428572,14470.809897610921,2
21112,Puebla,Petlalcingo,8.0,8.0,9094.12,2
21116,Puebla,Quimixtlán,7395.6,8.500689655172414,17982.924847206446,1
21119,Puebla,San Andrés Cholula,52.0,8.0,10248.34,2
21126,Puebla,San Jerónimo Tecuanipan,30.0,6.0,7800.0,2
21148,Puebla,Santa Isabel Cholula,93.0,9.3,18826.19,2
21156,Puebla,Tehuacán,15.0,5.0,16004.130000000001,2
21164,Puebla,Tepeaca,42.95,8.59,16936.840046565772,2
21169,Puebla,Tepexi de Rodríguez,707.3,8.321176470588235,21127.24445072812,2
21172,Puebla,Tetela de Ocampo,244.79,5.692790697674418,15586.97234364149,2
21173,Puebla,Teteles de Avila Castillo,90.0,6.0,15000.0,2
21174,Puebla,Teziutlán,1235.92,7.356666666666667,16671.743332901806,2
21175,Puebla,Tianguismanalco,172.7,7.85,14499.33161551824,2
21186,Puebla,Tlatlauquitepec,588.26,6.394130434782609,15932.21636691259,2
21188,Puebla,Tochimilco,1843.68,9.154319761668322,16351.75177362666,1
21195,Puebla,Vicente Guerrero,42.0,6.0,12066.09,2
21199,Puebla,Xiutetelco,634.75,6.681578947368421,16395.409814887753,2
21200,Puebla,Xochiapulco,317.61,7.3862790697674425,18400.08538773968,2
21204,Puebla,Yaonáhuac,422.29,7.408596491228071,17857.9716782306,2
21206,Puebla,Zacapala,838.2,8.731250000000001,22438.253996659507,1
21207,Puebla,Zacapoaxtla,608.6,7.421951219512195,18619.90483075912,2
21208,Puebla,Zacatlán,274.58,6.3855813953488365,17780.449777842525,2
21209,Puebla,Zapotitlán,15.0,5.0,17102.69,2
21212,Puebla,Zautla,60.0,6.0,14760.46,2
21217,Puebla,Zoquitlán,130.49,7.675882352941177,16741.70771706644,2
22002,Querétaro,Pinal de Amoles,357.2,8.93,22001.460022396415,2
22004,Querétaro,Cadereyta de Montes,346.04,8.440000000000001,19534.59001849497,2
22009,Querétaro,Jalpan de Serra,71.44,8.93,20538.100083986563,2
22013,Querétaro,Peñamiller,312.55,8.93,22083.75002399616,2
22015,Querétaro,San Joaquín,236.32,8.44,22603.140022004063,2
22018,Querétaro,Tolimán,227.88,8.44,21796.61001404248,2
23007,Quintana Roo,Lázaro Cárdenas,24.15,8.049999999999999,8222.230227743272,2
24006,San Luis Potosí,Catorce,27.0,4.5,15000.0,2
24011,San Luis Potosí,Ciudad Fernández,580.45,8.930000000000001,12299.999999999998,2
24047,San Luis Potosí,Villa de Guadalupe,18.0,4.5,11200.0,2
24054,San Luis Potosí,Xilitla,259.05,7.8500000000000005,20283.28002316155,2
25001,Sinaloa,Ahome,341.33000000000004,10.250150150150152,8951.754196818327,2
25002,Sinaloa,Angostura,17.86,8.93,8500.0,2
25004,Sinaloa,Concordia,2183.73,11.677700534759358,15608.28124356033,1
25013,Sinaloa,Mocorito,89.3,8.93,8800.0,2
25016,Sinaloa,San Ignacio,893.0,8.93,16000.0,2
25018,Sinaloa,Navolato,189.64,10.25081081081081,11292.779371440623,2
26026,Sonora,Etchojoa,53.58,8.93,12324.320082120194,2
26033,Sonora,Huatabampo,71.44,8.93,12324.320128779396,2
26042,Sonora,Navojoa,142.88,8.93,12324.320058790594,2
27002,Tabasco,Cárdenas,103.95,2.97,13655.670033670032,2
27003,Tabasco,Centla,202.62,9.21,7695.7400059224165,2
27006,Tabasco,Cunduacán,5.94,2.97,9716.86026936027,2
28017,Tamaulipas,Jaumave,15.91,8.938202247191011,24980.0,2
29029,Tlaxcala,Tepeyanco,133.95,8.93,16411.420007465473,2
30008,Veracruz,Alpatláhuac,618.47,11.485051067780873,15305.961938331688,1
30010,Veracruz,Altotonga,1898.1,11.1,16884.440003161057,1
30023,Veracruz,Atzalan,999.0,11.1,16626.91,1
30024,Veracruz,Tlaltetela,84.81,11.100785340314136,14785.999999999998,2
30025,Veracruz,Ayahualulco,256.38,10.2552,15588.55597160465,2
30029,Veracruz,Calcahualco,774.79,11.474970379146919,15389.689722376386,1
30047,Veracruz,Coscomatepec,1443.0,11.1,16499.45,1
30071,Veracruz,Huatusco,1093.35,11.1,16563.24000548772,1
30079,Veracruz,Ixhuacán de Los Reyes,799.2,11.100000000000001,19522.437512512508,1
30080,Veracruz,Ixhuatlán del Café,594.96,11.1,16305.499999999998,1
30086,Veracruz,Jalacingo,1322.5,13.225,14658.68,1
30092,Veracruz,Xico,666.0,11.1,19512.64,1
30107,Veracruz,Las Minas,66.6,11.1,16626.91006006006,2
30137,Veracruz,Los Reyes,108.79,4.73,14818.960014707232,2
30159,Veracruz,Tehuipango,25.55,4.731481481481481,14740.639921722111,2
30171,Veracruz,Texhuacán,34.54,4.7315068493150685,14810.339895773017,2
30184,Veracruz,Tlaquilpa,34.54,4.7315068493150685,14734.759988419224,2
30186,Veracruz,Tomatlán,47.18,11.101176470588236,15760.289953370071,2
30201,Veracruz,Zongolica,145.22,4.73029315960912,14782.469976587246,2
31003,Yucatán,Akil,2761.13,27.750050251256283,10335.67128313408,1
31010,Yucatán,Cantamayec,16.1,8.05,10355.560248447204,2
31025,Yucatán,Dzán,1193.25,27.75,10468.729997904882,1
31038,Yucatán,Hunucmá,4.04,8.08,9800.0,2
31047,Yucatán,Maní,1267.18,27.85010989010989,10441.798797329502,1
31050,Yucatán,Mérida,15.14,8.053191489361703,10500.0,2
31053,Yucatán,Muna,690.0,17.25,11378.58,1
31056,Yucatán,Oxkutzcab,5942.7,27.9,10310.18999949518,1
31062,Yucatán,Sacalum,692.5,27.7,11951.550007220216,1
31066,Yucatán,Santa Elena,241.5,8.05,11357.370020703933,2
31070,Yucatán,Sucilá,126.6,8.44,12787.040047393366,2
31079,Yucatán,Tekax,274.68,8.451692307692309,10196.353065385174,2
31087,Yucatán,Tetiz,2.42,8.066666666666666,9800.0,2
31089,Yucatán,Ticul,1973.8,27.8,10410.570002026549,1
31098,Yucatán,Tzucacab,342.7,29.8,10000.0,1
31101,Yucatán,Umán,28.19,8.054285714285715,10500.0,2
32019,Zacatecas,Jalpa,33.36,8.34,15600.0,2
32020,Zacatecas,Jerez,128.8,8.05,14999.999999999998,2
32023,Zacatecas,Juchipila,54.28,8.350769230769231,15600.0,2
32028,Zacatecas,Mezquital del Oro,41.75,8.35,15400.0,2
32033,Zacatecas,Moyahua de Estrada,150.3,8.350000000000001,15499.999999999998,2
32034,Zacatecas,Nochistlán de Mejía,16.68,8.34,18800.0,2
32043,Zacatecas,Susticacán,16.1,8.05,12999.999999999998,2
