variable,categoria,n,porcentaje
CVE_ENT,20,3120,20.16285381930981
CVE_ENT,14,1867,12.065400025849812
CVE_ENT,16,1858,12.00723794752488
CVE_ENT,15,1007,6.507690319245185
CVE_ENT,21,1000,6.462453147214682
CVE_ENT,12,976,6.30735427168153
CVE_ENT,7,768,4.963164017060876
CVE_ENT,31,766,4.9502391107664465
CVE_ENT,13,517,3.341088277109991
CVE_ENT,18,450,2.908103916246607
CVE_ENT,17,412,2.6625306966524493
CVE_ENT,30,384,2.481582008530438
CVE_ENT,11,361,2.3329455861445005
CVE_ENT,19,241,1.5574512084787386
CVE_ENT,32,196,1.2666408168540777
CVE_ENT,25,189,1.221403644823575
CVE_ENT,10,183,1.182628925940287
CVE_ENT,4,176,1.1373917539097842
CVE_ENT,6,162,1.0469174098487786
CVE_ENT,22,157,1.014605144112705
CVE_ENT,27,139,0.8982809874628409
CVE_ENT,26,109,0.7044073930464004
CVE_ENT,24,102,0.6591702210158976
CVE_ENT,3,101,0.652707767868683
CVE_ENT,28,70,0.4523717203050278
CVE_ENT,2,69,0.4459092671578131
CVE_ENT,1,44,0.28434793847744605
CVE_ENT,5,17,0.10986170350264961
CVE_ENT,23,14,0.09047434406100556
CVE_ENT,29,11,0.07108698461936151
CVE_ENT,8,8,0.051699625177717465
ENTIDAD,Oaxaca,3120,20.16285381930981
ENTIDAD,Jalisco,1867,12.065400025849812
ENTIDAD,Michoacán,1858,12.00723794752488
ENTIDAD,Estado de México,1007,6.507690319245185
ENTIDAD,Puebla,1000,6.462453147214682
ENTIDAD,Guerrero,976,6.30735427168153
ENTIDAD,Chiapas,768,4.963164017060876
ENTIDAD,Yucatán,766,4.9502391107664465
ENTIDAD,Hidalgo,517,3.341088277109991
ENTIDAD,Nayarit,450,2.908103916246607
ENTIDAD,Morelos,412,2.6625306966524493
ENTIDAD,Veracruz,384,2.481582008530438
ENTIDAD,Guanajuato,361,2.3329455861445005
ENTIDAD,Nuevo León,241,1.5574512084787386
ENTIDAD,Zacatecas,196,1.2666408168540777
ENTIDAD,Sinaloa,189,1.221403644823575
ENTIDAD,Durango,183,1.182628925940287
ENTIDAD,Campeche,176,1.1373917539097842
ENTIDAD,Colima,162,1.0469174098487786
ENTIDAD,Querétaro,157,1.014605144112705
ENTIDAD,Tabasco,139,0.8982809874628409
ENTIDAD,Sonora,109,0.7044073930464004
ENTIDAD,San Luis Potosí,102,0.6591702210158976
ENTIDAD,Baja California Sur,101,0.652707767868683
ENTIDAD,Tamaulipas,70,0.4523717203050278
ENTIDAD,Baja California,69,0.4459092671578131
ENTIDAD,Aguascalientes,44,0.28434793847744605
ENTIDAD,Coahuila,17,0.10986170350264961
ENTIDAD,Quintana Roo,14,0.09047434406100556
ENTIDAD,Tlaxcala,11,0.07108698461936151
ENTIDAD,Chihuahua,8,0.051699625177717465
CVE_MUN,999,981,6.339666537417604
CVE_MUN,4,291,1.8805738658394726
CVE_MUN,1,289,1.8676489595450434
CVE_MUN,2,242,1.563913661625953
CVE_MUN,8,238,1.5380638490370946
CVE_MUN,17,217,1.4023523329455863
CVE_MUN,19,214,1.3829649735039422
CVE_MUN,26,200,1.2924906294429366
CVE_MUN,6,199,1.286028176295722
CVE_MUN,3,198,1.2795657231485071
CVE_MUN,7,192,1.240791004265219
CVE_MUN,58,171,1.1050794881737107
CVE_MUN,9,168,1.0856921287320667
CVE_MUN,23,163,1.0533798629959934
CVE_MUN,79,162,1.0469174098487786
CVE_MUN,32,161,1.0404549567015637
CVE_MUN,98,153,0.9887553315238464
CVE_MUN,29,150,0.9693679720822024
CVE_MUN,84,143,0.9241308000516997
CVE_MUN,24,143,0.9241308000516997
CVE_MUN,12,142,0.917668346904485
CVE_MUN,38,139,0.8982809874628409
CVE_MUN,15,139,0.8982809874628409
CVE_MUN,75,135,0.8724311748739823
CVE_MUN,40,134,0.8659687217267675
CVE_MUN,97,126,0.8142690965490499
CVE_MUN,37,125,0.8078066434018353
CVE_MUN,34,124,0.8013441902546206
CVE_MUN,20,123,0.794881737107406
CVE_MUN,11,123,0.794881737107406
CVE_MUN,112,122,0.7884192839601912
CVE_MUN,18,122,0.7884192839601912
CVE_MUN,110,121,0.7819568308129765
CVE_MUN,57,117,0.7561070182241179
CVE_MUN,71,116,0.7496445650769031
CVE_MUN,27,114,0.7367196587824738
CVE_MUN,47,114,0.7367196587824738
CVE_MUN,41,114,0.7367196587824738
CVE_MUN,111,111,0.7173322993408298
CVE_MUN,50,110,0.710869846193615
CVE_MUN,68,109,0.7044073930464004
CVE_MUN,48,108,0.6979449398991857
CVE_MUN,16,106,0.6850200336047564
CVE_MUN,31,105,0.6785575804575417
CVE_MUN,94,103,0.6656326741631123
CVE_MUN,25,102,0.6591702210158976
CVE_MUN,86,100,0.6462453147214683
CVE_MUN,85,97,0.6268579552798242
CVE_MUN,44,96,0.6203955021326095
CVE_MUN,88,96,0.6203955021326095
CVE_MUN,82,95,0.6139330489853948
CVE_MUN,113,94,0.6074705958381802
CVE_MUN,49,94,0.6074705958381802
CVE_MUN,62,91,0.5880832363965361
CVE_MUN,36,90,0.5816207832493214
CVE_MUN,22,89,0.5751583301021068
CVE_MUN,28,88,0.5686958769548921
CVE_MUN,59,87,0.5622334238076774
CVE_MUN,30,87,0.5622334238076774
CVE_MUN,87,87,0.5622334238076774
CVE_MUN,10,87,0.5622334238076774
CVE_MUN,80,83,0.5363836112188187
CVE_MUN,83,81,0.5234587049243893
CVE_MUN,52,81,0.5234587049243893
CVE_MUN,69,80,0.5169962517771746
CVE_MUN,13,80,0.5169962517771746
CVE_MUN,33,78,0.5040713454827452
CVE_MUN,66,78,0.5040713454827452
CVE_MUN,95,78,0.5040713454827452
CVE_MUN,53,78,0.5040713454827452
CVE_MUN,55,77,0.4976088923355305
CVE_MUN,89,77,0.4976088923355305
CVE_MUN,39,76,0.49114643918831585
CVE_MUN,21,76,0.49114643918831585
CVE_MUN,14,72,0.46529662659945714
CVE_MUN,63,71,0.4588341734522425
CVE_MUN,5,71,0.4588341734522425
CVE_MUN,102,70,0.4523717203050278
CVE_MUN,43,70,0.4523717203050278
CVE_MUN,119,70,0.4523717203050278
CVE_MUN,99,68,0.43944681401059843
CVE_MUN,103,68,0.43944681401059843
CVE_MUN,45,64,0.4135970014217397
CVE_MUN,90,64,0.4135970014217397
CVE_MUN,54,64,0.4135970014217397
CVE_MUN,81,60,0.38774718883288095
CVE_MUN,77,59,0.3812847356856663
CVE_MUN,60,59,0.3812847356856663
CVE_MUN,46,59,0.3812847356856663
CVE_MUN,51,58,0.37482228253845157
CVE_MUN,61,56,0.36189737624402224
CVE_MUN,78,51,0.3295851105079488
CVE_MUN,91,51,0.3295851105079488
CVE_MUN,108,48,0.31019775106630476
CVE_MUN,56,48,0.31019775106630476
CVE_MUN,73,48,0.31019775106630476
CVE_MUN,70,47,0.3037352979190901
CVE_MUN,200,47,0.3037352979190901
CVE_MUN,177,46,0.2972728447718754
CVE_MUN,244,46,0.2972728447718754
CVE_MUN,206,46,0.2972728447718754
CVE_MUN,545,46,0.2972728447718754
CVE_MUN,42,44,0.28434793847744605
CVE_MUN,64,44,0.28434793847744605
CVE_MUN,107,41,0.264960579035802
CVE_MUN,171,41,0.264960579035802
CVE_MUN,174,41,0.264960579035802
CVE_MUN,123,41,0.264960579035802
CVE_MUN,116,40,0.2584981258885873
CVE_MUN,72,40,0.2584981258885873
CVE_MUN,92,38,0.24557321959415793
CVE_MUN,96,38,0.24557321959415793
CVE_MUN,104,38,0.24557321959415793
CVE_MUN,93,38,0.24557321959415793
CVE_MUN,172,37,0.23911076644694326
CVE_MUN,276,37,0.23911076644694326
CVE_MUN,186,37,0.23911076644694326
CVE_MUN,425,37,0.23911076644694326
CVE_MUN,188,37,0.23911076644694326
CVE_MUN,67,37,0.23911076644694326
CVE_MUN,163,36,0.23264831329972857
CVE_MUN,173,36,0.23264831329972857
CVE_MUN,156,36,0.23264831329972857
CVE_MUN,434,36,0.23264831329972857
CVE_MUN,490,36,0.23264831329972857
CVE_MUN,175,36,0.23264831329972857
CVE_MUN,208,35,0.2261858601525139
CVE_MUN,148,35,0.2261858601525139
CVE_MUN,100,32,0.20679850071086986
CVE_MUN,137,31,0.20033604756365514
CVE_MUN,101,30,0.19387359441644048
CVE_MUN,35,30,0.19387359441644048
CVE_MUN,187,29,0.18741114126922578
CVE_MUN,65,27,0.17448623497479643
CVE_MUN,76,26,0.16802378182758176
CVE_MUN,337,24,0.15509887553315238
CVE_MUN,220,24,0.15509887553315238
CVE_MUN,234,24,0.15509887553315238
CVE_MUN,126,24,0.15509887553315238
CVE_MUN,199,24,0.15509887553315238
CVE_MUN,169,24,0.15509887553315238
CVE_MUN,204,24,0.15509887553315238
CVE_MUN,191,24,0.15509887553315238
CVE_MUN,438,24,0.15509887553315238
CVE_MUN,478,24,0.15509887553315238
CVE_MUN,435,24,0.15509887553315238
CVE_MUN,517,24,0.15509887553315238
CVE_MUN,554,24,0.15509887553315238
CVE_MUN,527,24,0.15509887553315238
CVE_MUN,431,24,0.15509887553315238
CVE_MUN,437,24,0.15509887553315238
CVE_MUN,540,24,0.15509887553315238
CVE_MUN,335,23,0.1486364223859377
CVE_MUN,120,23,0.1486364223859377
CVE_MUN,117,23,0.1486364223859377
CVE_MUN,216,23,0.1486364223859377
CVE_MUN,322,23,0.1486364223859377
CVE_MUN,222,23,0.1486364223859377
CVE_MUN,280,23,0.1486364223859377
CVE_MUN,184,23,0.1486364223859377
CVE_MUN,201,23,0.1486364223859377
CVE_MUN,212,23,0.1486364223859377
CVE_MUN,159,23,0.1486364223859377
CVE_MUN,207,23,0.1486364223859377
CVE_MUN,142,23,0.1486364223859377
CVE_MUN,128,23,0.1486364223859377
CVE_MUN,139,23,0.1486364223859377
CVE_MUN,432,23,0.1486364223859377
CVE_MUN,520,23,0.1486364223859377
CVE_MUN,405,23,0.1486364223859377
CVE_MUN,496,23,0.1486364223859377
CVE_MUN,457,23,0.1486364223859377
CVE_MUN,549,23,0.1486364223859377
CVE_MUN,522,23,0.1486364223859377
CVE_MUN,541,23,0.1486364223859377
CVE_MUN,326,22,0.14217396923872302
CVE_MUN,311,22,0.14217396923872302
CVE_MUN,233,22,0.14217396923872302
CVE_MUN,410,22,0.14217396923872302
CVE_MUN,122,22,0.14217396923872302
CVE_MUN,504,22,0.14217396923872302
CVE_MUN,249,22,0.14217396923872302
CVE_MUN,228,22,0.14217396923872302
CVE_MUN,560,22,0.14217396923872302
CVE_MUN,473,22,0.14217396923872302
CVE_MUN,355,22,0.14217396923872302
CVE_MUN,363,22,0.14217396923872302
CVE_MUN,105,22,0.14217396923872302
CVE_MUN,555,20,0.12924906294429364
CVE_MUN,428,20,0.12924906294429364
CVE_MUN,388,20,0.12924906294429364
CVE_MUN,74,20,0.12924906294429364
CVE_MUN,565,19,0.12278660979707896
CVE_MUN,235,19,0.12278660979707896
CVE_MUN,416,19,0.12278660979707896
CVE_MUN,121,19,0.12278660979707896
CVE_MUN,330,18,0.11632415664986429
CVE_MUN,475,18,0.11632415664986429
CVE_MUN,260,18,0.11632415664986429
CVE_MUN,354,18,0.11632415664986429
CVE_MUN,294,16,0.10339925035543493
CVE_MUN,106,16,0.10339925035543493
CVE_MUN,351,16,0.10339925035543493
CVE_MUN,462,16,0.10339925035543493
CVE_MUN,400,16,0.10339925035543493
CVE_MUN,291,16,0.10339925035543493
CVE_MUN,533,16,0.10339925035543493
CVE_MUN,483,16,0.10339925035543493
CVE_MUN,476,16,0.10339925035543493
CVE_MUN,353,16,0.10339925035543493
CVE_MUN,537,16,0.10339925035543493
CVE_MUN,436,15,0.09693679720822024
CVE_MUN,217,15,0.09693679720822024
CVE_MUN,277,14,0.09047434406100556
CVE_MUN,229,14,0.09047434406100556
CVE_MUN,211,14,0.09047434406100556
CVE_MUN,149,14,0.09047434406100556
CVE_MUN,254,14,0.09047434406100556
CVE_MUN,279,14,0.09047434406100556
CVE_MUN,424,14,0.09047434406100556
CVE_MUN,391,14,0.09047434406100556
CVE_MUN,242,14,0.09047434406100556
CVE_MUN,491,14,0.09047434406100556
CVE_MUN,469,14,0.09047434406100556
CVE_MUN,448,14,0.09047434406100556
CVE_MUN,293,14,0.09047434406100556
CVE_MUN,195,14,0.09047434406100556
CVE_MUN,118,14,0.09047434406100556
CVE_MUN,271,13,0.08401189091379088
CVE_MUN,124,13,0.08401189091379088
CVE_MUN,295,13,0.08401189091379088
CVE_MUN,255,13,0.08401189091379088
CVE_MUN,273,13,0.08401189091379088
CVE_MUN,317,13,0.08401189091379088
CVE_MUN,544,13,0.08401189091379088
CVE_MUN,301,13,0.08401189091379088
CVE_MUN,209,13,0.08401189091379088
CVE_MUN,374,13,0.08401189091379088
CVE_MUN,477,13,0.08401189091379088
CVE_MUN,512,12,0.07754943776657619
CVE_MUN,115,12,0.07754943776657619
CVE_MUN,193,11,0.07108698461936151
CVE_MUN,446,11,0.07108698461936151
CVE_MUN,114,11,0.07108698461936151
CVE_MUN,378,11,0.07108698461936151
CVE_MUN,252,10,0.06462453147214682
CVE_MUN,246,10,0.06462453147214682
CVE_MUN,138,10,0.06462453147214682
CVE_MUN,214,10,0.06462453147214682
CVE_MUN,258,10,0.06462453147214682
CVE_MUN,299,10,0.06462453147214682
CVE_MUN,329,10,0.06462453147214682
CVE_MUN,502,10,0.06462453147214682
CVE_MUN,454,10,0.06462453147214682
CVE_MUN,394,10,0.06462453147214682
CVE_MUN,564,10,0.06462453147214682
CVE_MUN,320,10,0.06462453147214682
CVE_MUN,458,10,0.06462453147214682
CVE_MUN,386,9,0.05816207832493214
CVE_MUN,516,9,0.05816207832493214
CVE_MUN,362,9,0.05816207832493214
CVE_MUN,500,9,0.05816207832493214
CVE_MUN,495,9,0.05816207832493214
CVE_MUN,154,9,0.05816207832493214
CVE_MUN,236,9,0.05816207832493214
CVE_MUN,263,9,0.05816207832493214
CVE_MUN,325,9,0.05816207832493214
CVE_MUN,347,9,0.05816207832493214
CVE_MUN,510,9,0.05816207832493214
CVE_MUN,445,8,0.051699625177717465
CVE_MUN,397,8,0.051699625177717465
CVE_MUN,430,8,0.051699625177717465
CVE_MUN,383,8,0.051699625177717465
CVE_MUN,210,8,0.051699625177717465
CVE_MUN,127,8,0.051699625177717465
CVE_MUN,239,8,0.051699625177717465
CVE_MUN,392,8,0.051699625177717465
CVE_MUN,377,8,0.051699625177717465
CVE_MUN,370,8,0.051699625177717465
CVE_MUN,359,7,0.04523717203050278
CVE_MUN,164,7,0.04523717203050278
CVE_MUN,501,7,0.04523717203050278
CVE_MUN,275,7,0.04523717203050278
CVE_MUN,336,7,0.04523717203050278
CVE_MUN,323,7,0.04523717203050278
CVE_MUN,451,6,0.038774718883288095
CVE_MUN,125,5,0.03231226573607341
CVE_MUN,194,4,0.025849812588858732
CVE_MUN,379,4,0.025849812588858732
CVE_MUN,487,3,0.019387359441644048
CVE_MUN,566,2,0.012924906294429366
CVE_MUN,298,2,0.012924906294429366
CVE_MUN,429,2,0.012924906294429366
CVE_MUN,551,2,0.012924906294429366
CVE_MUN,481,2,0.012924906294429366
CVE_MUN,358,2,0.012924906294429366
CVE_MUN,131,2,0.012924906294429366
CVE_MUN,528,2,0.012924906294429366
CVE_MUN,181,1,0.006462453147214683
CVE_MUN,140,1,0.006462453147214683
CVE_MUN,365,1,0.006462453147214683
MUNICIPIO,[Ausente],981,6.339666537417604
MUNICIPIO,Tuxpan,74,0.4782215328938865
MUNICIPIO,Los Reyes,69,0.4459092671578131
MUNICIPIO,Tolimán,58,0.37482228253845157
MUNICIPIO,Villa Guerrero,57,0.3683598293912369
MUNICIPIO,Ocampo,56,0.36189737624402224
MUNICIPIO,Tacámbaro,48,0.31019775106630476
MUNICIPIO,Tingüindín,48,0.31019775106630476
MUNICIPIO,San Simón de Guerrero,48,0.31019775106630476
MUNICIPIO,Tetela del Volcán,48,0.31019775106630476
MUNICIPIO,Temascaltepec,48,0.31019775106630476
MUNICIPIO,Tocumbo,48,0.31019775106630476
MUNICIPIO,Yecapixtla,48,0.31019775106630476
MUNICIPIO,Uruapan,48,0.31019775106630476
MUNICIPIO,Nuevo Parangaricutiro,48,0.31019775106630476
MUNICIPIO,Turicato,47,0.3037352979190901
MUNICIPIO,Mazatlán Villa de Flores,47,0.3037352979190901
MUNICIPIO,Tepic,47,0.3037352979190901
MUNICIPIO,Peribán,47,0.3037352979190901
MUNICIPIO,Ario,47,0.3037352979190901
MUNICIPIO,Tancítaro,47,0.3037352979190901
MUNICIPIO,Tangamandapio,47,0.3037352979190901
MUNICIPIO,San Martín Toxpalan,46,0.2972728447718754
MUNICIPIO,Donato Guerra,46,0.2972728447718754
MUNICIPIO,Teotitlán de Flores Magón,46,0.2972728447718754
MUNICIPIO,Petatlán,46,0.2972728447718754
MUNICIPIO,Ziracuaretiro,46,0.2972728447718754
MUNICIPIO,Almoloya de Alquisiras,46,0.2972728447718754
MUNICIPIO,San Juan Bautista Cuicatlán,46,0.2972728447718754
MUNICIPIO,Malinalco,46,0.2972728447718754
MUNICIPIO,Tenancingo,46,0.2972728447718754
MUNICIPIO,Ocuilan,46,0.2972728447718754
MUNICIPIO,Coatepec Harinas,46,0.2972728447718754
MUNICIPIO,Zimapán,46,0.2972728447718754
MUNICIPIO,Tekax,46,0.2972728447718754
MUNICIPIO,Jacala de Ledezma,46,0.2972728447718754
MUNICIPIO,Navolato,46,0.2972728447718754
MUNICIPIO,San Blas,46,0.2972728447718754
MUNICIPIO,Salvador Escalante,46,0.2972728447718754
MUNICIPIO,Ensenada,46,0.2972728447718754
MUNICIPIO,Zinapécuaro,45,0.2908103916246607
MUNICIPIO,Campeche,45,0.2908103916246607
MUNICIPIO,Valle de Bravo,45,0.2908103916246607
MUNICIPIO,Zitácuaro,45,0.2908103916246607
MUNICIPIO,Atlixco,45,0.2908103916246607
MUNICIPIO,Tonila,45,0.2908103916246607
MUNICIPIO,Quitupan,44,0.28434793847744605
MUNICIPIO,Mazamitla,44,0.28434793847744605
MUNICIPIO,Villa de Allende,44,0.28434793847744605
MUNICIPIO,Valle de Juárez,44,0.28434793847744605
MUNICIPIO,Jungapeo,43,0.2778854853302314
MUNICIPIO,Acapulco de Juárez,43,0.2778854853302314
MUNICIPIO,Ixtapan del Oro,43,0.2778854853302314
MUNICIPIO,Mochitlán,43,0.2778854853302314
MUNICIPIO,Concepción de Buenos Aires,42,0.27142303218301667
MUNICIPIO,Yautepec,42,0.27142303218301667
MUNICIPIO,Cotija,42,0.27142303218301667
MUNICIPIO,Acuitzio,41,0.264960579035802
MUNICIPIO,Taxco de Alarcón,41,0.264960579035802
MUNICIPIO,Tingambato,41,0.264960579035802
MUNICIPIO,Leonardo Bravo,41,0.264960579035802
MUNICIPIO,Maravatío,41,0.264960579035802
MUNICIPIO,Ixtlán del Río,38,0.24557321959415793
MUNICIPIO,Gómez Farías,38,0.24557321959415793
MUNICIPIO,Santa María del Oro,38,0.24557321959415793
MUNICIPIO,Compostela,38,0.24557321959415793
MUNICIPIO,Tochimilco,37,0.23911076644694326
MUNICIPIO,Ayutla,37,0.23911076644694326
MUNICIPIO,Cuyamecalco Villa de Zaragoza,37,0.23911076644694326
MUNICIPIO,Quechultenango,37,0.23911076644694326
MUNICIPIO,Chilchota,37,0.23911076644694326
MUNICIPIO,General Heliodoro Castillo,37,0.23911076644694326
MUNICIPIO,Santa María Pápalo,37,0.23911076644694326
MUNICIPIO,San Miguel Santa Flor,37,0.23911076644694326
MUNICIPIO,San Jerónimo Tecóatl,36,0.23264831329972857
MUNICIPIO,Santa María Teopoxco,36,0.23264831329972857
MUNICIPIO,La Manzanilla de la Paz,36,0.23264831329972857
MUNICIPIO,Tecalitlán,36,0.23264831329972857
MUNICIPIO,Técpan de Galeana,36,0.23264831329972857
MUNICIPIO,Tlajomulco de Zúñiga,36,0.23264831329972857
MUNICIPIO,Zihuatanejo de Azueta,36,0.23264831329972857
MUNICIPIO,Santiago Texcalcingo,36,0.23264831329972857
MUNICIPIO,Tianguismanalco,36,0.23264831329972857
MUNICIPIO,Huaquechula,36,0.23264831329972857
MUNICIPIO,Amatepec,36,0.23264831329972857
MUNICIPIO,San Gabriel,35,0.2261858601525139
MUNICIPIO,Madero,34,0.21972340700529921
MUNICIPIO,Cocula,34,0.21972340700529921
MUNICIPIO,Taretan,34,0.21972340700529921
MUNICIPIO,Zapotlán el Grande,34,0.21972340700529921
MUNICIPIO,Tala,34,0.21972340700529921
MUNICIPIO,Tetipac,34,0.21972340700529921
MUNICIPIO,Xalisco,34,0.21972340700529921
MUNICIPIO,Ixtapan de La Sal,33,0.21326095385808455
MUNICIPIO,Zacualpan,33,0.21326095385808455
MUNICIPIO,Chilpancingo de Los Bravo,33,0.21326095385808455
MUNICIPIO,Ixtlahuacán del Río,33,0.21326095385808455
MUNICIPIO,Huasca de Ocampo,32,0.20679850071086986
MUNICIPIO,Tangancícuaro,32,0.20679850071086986
MUNICIPIO,Tzucacab,32,0.20679850071086986
MUNICIPIO,Atoyac de Álvarez,31,0.20033604756365514
MUNICIPIO,Eduardo Neri,31,0.20033604756365514
MUNICIPIO,Chilapa de Álvarez,31,0.20033604756365514
MUNICIPIO,Texcaltitlán,31,0.20033604756365514
MUNICIPIO,Morelia,30,0.19387359441644048
MUNICIPIO,Tamazula de Gordiano,30,0.19387359441644048
MUNICIPIO,Galeana,30,0.19387359441644048
MUNICIPIO,Teuchitlán,30,0.19387359441644048
MUNICIPIO,Irimbo,29,0.18741114126922578
MUNICIPIO,San Juan Coatzóspam,29,0.18741114126922578
MUNICIPIO,Amatlán de Cañas,29,0.18741114126922578
MUNICIPIO,Charo,28,0.18094868812201112
MUNICIPIO,Celaya,28,0.18094868812201112
MUNICIPIO,Jala,27,0.17448623497479643
MUNICIPIO,Comala,26,0.16802378182758176
MUNICIPIO,Susupuato,26,0.16802378182758176
MUNICIPIO,Purépero,26,0.16802378182758176
MUNICIPIO,Hidalgo,26,0.16802378182758176
MUNICIPIO,Hunucmá,26,0.16802378182758176
MUNICIPIO,Ticul,26,0.16802378182758176
MUNICIPIO,Ocuituco,25,0.16156132868036707
MUNICIPIO,Atlautla,25,0.16156132868036707
MUNICIPIO,Sacalum,25,0.16156132868036707
MUNICIPIO,Talpa de Allende,25,0.16156132868036707
MUNICIPIO,Queréndaro,25,0.16156132868036707
MUNICIPIO,Atoyac,25,0.16156132868036707
MUNICIPIO,Hueyapan,25,0.16156132868036707
MUNICIPIO,Ozumba,25,0.16156132868036707
MUNICIPIO,Tequila,24,0.15509887553315238
MUNICIPIO,Sayula,24,0.15509887553315238
MUNICIPIO,Zacapala,24,0.15509887553315238
MUNICIPIO,Tizimín,24,0.15509887553315238
MUNICIPIO,Xiutetelco,24,0.15509887553315238
MUNICIPIO,Yaonáhuac,24,0.15509887553315238
MUNICIPIO,Tlatlauquitepec,24,0.15509887553315238
MUNICIPIO,Tlayacapan,24,0.15509887553315238
MUNICIPIO,Nicolás Flores,24,0.15509887553315238
MUNICIPIO,Atotonilco El Grande,24,0.15509887553315238
MUNICIPIO,Teziutlán,24,0.15509887553315238
MUNICIPIO,Totontepec Villa de Morelos,24,0.15509887553315238
MUNICIPIO,Chignautla,24,0.15509887553315238
MUNICIPIO,Tetela de Ocampo,24,0.15509887553315238
MUNICIPIO,Tepexi de Rodríguez,24,0.15509887553315238
MUNICIPIO,San Lucas Zoquiápam,24,0.15509887553315238
MUNICIPIO,Tamazulápam del Espíritu Santo,24,0.15509887553315238
MUNICIPIO,Villa de Tamazulápam del Progreso,24,0.15509887553315238
MUNICIPIO,Santo Domingo Tepuxtepec,24,0.15509887553315238
MUNICIPIO,Santos Reyes Pápalo,24,0.15509887553315238
MUNICIPIO,Santa María Tecomavaca,24,0.15509887553315238
MUNICIPIO,Santiago Nacaltepec,24,0.15509887553315238
MUNICIPIO,Concepción Pápalo,24,0.15509887553315238
MUNICIPIO,San Pedro Y San Pablo Ayutla,24,0.15509887553315238
MUNICIPIO,Santa María Tepantlali,24,0.15509887553315238
MUNICIPIO,Santa María Tlahuitoltepec,24,0.15509887553315238
MUNICIPIO,Santa María Tlalixtac,24,0.15509887553315238
MUNICIPIO,Cuautempan,24,0.15509887553315238
MUNICIPIO,Quimixtlán,24,0.15509887553315238
MUNICIPIO,San Jerónimo Tecuanipan,24,0.15509887553315238
MUNICIPIO,San Juan Tepeuxila,24,0.15509887553315238
MUNICIPIO,Ahuacatlán,24,0.15509887553315238
MUNICIPIO,San Juan Juquila Mixes,24,0.15509887553315238
MUNICIPIO,San Juan Chicomezúchil,24,0.15509887553315238
MUNICIPIO,Tlalnepantla,24,0.15509887553315238
MUNICIPIO,Minatitlán,24,0.15509887553315238
MUNICIPIO,San Cristóbal de Las Casas,24,0.15509887553315238
MUNICIPIO,Las Rosas,24,0.15509887553315238
MUNICIPIO,Larráinzar,24,0.15509887553315238
MUNICIPIO,Amatenango del Valle,24,0.15509887553315238
MUNICIPIO,Teopisca,24,0.15509887553315238
MUNICIPIO,Tenejapa,24,0.15509887553315238
MUNICIPIO,Comonfort,24,0.15509887553315238
MUNICIPIO,Pantelhó,24,0.15509887553315238
MUNICIPIO,Chenalhó,24,0.15509887553315238
MUNICIPIO,Salamanca,24,0.15509887553315238
MUNICIPIO,Silao de La Victoria,24,0.15509887553315238
MUNICIPIO,Cuetzala del Progreso,24,0.15509887553315238
MUNICIPIO,Chiquihuitlán de Benito Juárez,23,0.1486364223859377
MUNICIPIO,San Francisco Chapulapa,23,0.1486364223859377
MUNICIPIO,Apozol,23,0.1486364223859377
MUNICIPIO,Muna,23,0.1486364223859377
MUNICIPIO,Oxkutzcab,23,0.1486364223859377
MUNICIPIO,Apaxtla,23,0.1486364223859377
MUNICIPIO,Maní,23,0.1486364223859377
MUNICIPIO,San Juan Tabaá,23,0.1486364223859377
MUNICIPIO,San Cristóbal Lachirioag,23,0.1486364223859377
MUNICIPIO,San Francisco Huehuetlán,23,0.1486364223859377
MUNICIPIO,Bahía de Banderas,23,0.1486364223859377
MUNICIPIO,Aramberri,23,0.1486364223859377
MUNICIPIO,Bustamante,23,0.1486364223859377
MUNICIPIO,Ruíz,23,0.1486364223859377
MUNICIPIO,Totolapan,23,0.1486364223859377
MUNICIPIO,Tzintzuntzan,23,0.1486364223859377
MUNICIPIO,Pátzcuaro,23,0.1486364223859377
MUNICIPIO,Huiramba,23,0.1486364223859377
MUNICIPIO,Juárez,23,0.1486364223859377
MUNICIPIO,Champotón,23,0.1486364223859377
MUNICIPIO,Hecelchakán,23,0.1486364223859377
MUNICIPIO,Tenabo,23,0.1486364223859377
MUNICIPIO,Calvillo,23,0.1486364223859377
MUNICIPIO,Comondú,23,0.1486364223859377
MUNICIPIO,La Paz,23,0.1486364223859377
MUNICIPIO,Los Cabos,23,0.1486364223859377
MUNICIPIO,Concordia,23,0.1486364223859377
MUNICIPIO,Calcahualco,23,0.1486364223859377
MUNICIPIO,Tehuipango,23,0.1486364223859377
MUNICIPIO,Texhuacán,23,0.1486364223859377
MUNICIPIO,Tlaquilpa,23,0.1486364223859377
MUNICIPIO,Zongolica,23,0.1486364223859377
MUNICIPIO,Alpatláhuac,23,0.1486364223859377
MUNICIPIO,Altotonga,23,0.1486364223859377
MUNICIPIO,Ayahualulco,23,0.1486364223859377
MUNICIPIO,Tarímbaro,23,0.1486364223859377
MUNICIPIO,San Ildefonso Villa Alta,23,0.1486364223859377
MUNICIPIO,Villa Hidalgo,23,0.1486364223859377
MUNICIPIO,Akil,23,0.1486364223859377
MUNICIPIO,Tlazazalca,23,0.1486364223859377
MUNICIPIO,Zautla,23,0.1486364223859377
MUNICIPIO,Cadereyta de Montes,23,0.1486364223859377
MUNICIPIO,Peñamiller,23,0.1486364223859377
MUNICIPIO,San Joaquín,23,0.1486364223859377
MUNICIPIO,Xochiapulco,23,0.1486364223859377
MUNICIPIO,Zacapoaxtla,23,0.1486364223859377
MUNICIPIO,Cabo Corrientes,23,0.1486364223859377
MUNICIPIO,Atempan,23,0.1486364223859377
MUNICIPIO,Cárdenas,23,0.1486364223859377
MUNICIPIO,Centla,23,0.1486364223859377
MUNICIPIO,Cunduacán,23,0.1486364223859377
MUNICIPIO,Etchojoa,23,0.1486364223859377
MUNICIPIO,San Sebastián del Oeste,23,0.1486364223859377
MUNICIPIO,Santa María de Los Ángeles,23,0.1486364223859377
MUNICIPIO,El Limón,23,0.1486364223859377
MUNICIPIO,Ameca,23,0.1486364223859377
MUNICIPIO,El Arenal,23,0.1486364223859377
MUNICIPIO,Atotonilco El Alto,23,0.1486364223859377
MUNICIPIO,Autlán de Navarro,23,0.1486364223859377
MUNICIPIO,Chilchotla,23,0.1486364223859377
MUNICIPIO,Tanetze de Zaragoza,23,0.1486364223859377
MUNICIPIO,"H. V. Tezoatlán de Segura y Luna, C. de la I.de O.",23,0.1486364223859377
MUNICIPIO,San Luis Acatlán,23,0.1486364223859377
MUNICIPIO,Techaluta de Montenegro,23,0.1486364223859377
MUNICIPIO,San Pedro Tlaquepaque,23,0.1486364223859377
MUNICIPIO,San Cristóbal de La Barranca,23,0.1486364223859377
MUNICIPIO,Villa Talea de Castro,23,0.1486364223859377
MUNICIPIO,Teteles de Avila Castillo,23,0.1486364223859377
MUNICIPIO,San Andrés Cholula,23,0.1486364223859377
MUNICIPIO,Tejupilco,23,0.1486364223859377
MUNICIPIO,Ecatzingo,23,0.1486364223859377
MUNICIPIO,Tuxcueca,23,0.1486364223859377
MUNICIPIO,Zapopan,23,0.1486364223859377
MUNICIPIO,Amanalco,23,0.1486364223859377
MUNICIPIO,Villa de Chilapa de Díaz,23,0.1486364223859377
MUNICIPIO,San Juan Yaeé,23,0.1486364223859377
MUNICIPIO,Santiago Camotlán,23,0.1486364223859377
MUNICIPIO,San Pedro Ocopetatillo,23,0.1486364223859377
MUNICIPIO,San Pedro Yaneri,23,0.1486364223859377
MUNICIPIO,Apatzingán,23,0.1486364223859377
MUNICIPIO,Otzoloapan,23,0.1486364223859377
MUNICIPIO,Sultepec,23,0.1486364223859377
MUNICIPIO,Cadereyta Jiménez,23,0.1486364223859377
MUNICIPIO,General Zaragoza,23,0.1486364223859377
MUNICIPIO,Rayones,23,0.1486364223859377
MUNICIPIO,Sabinas Hidalgo,23,0.1486364223859377
MUNICIPIO,Santiago Xiacuí,23,0.1486364223859377
MUNICIPIO,Santo Domingo Tonalá,23,0.1486364223859377
MUNICIPIO,Santo Domingo Xagacía,23,0.1486364223859377
MUNICIPIO,Santa María Temaxcalapa,23,0.1486364223859377
MUNICIPIO,Susticacán,23,0.1486364223859377
MUNICIPIO,Tepetlixpa,23,0.1486364223859377
MUNICIPIO,Tecoanapa,23,0.1486364223859377
MUNICIPIO,Teloloapan,23,0.1486364223859377
MUNICIPIO,Tlacoachistlahuaca,23,0.1486364223859377
MUNICIPIO,Xochistlahuaca,23,0.1486364223859377
MUNICIPIO,Ixcateopan de Cuauhtémoc,23,0.1486364223859377
MUNICIPIO,Juchipila,23,0.1486364223859377
MUNICIPIO,Mezquital del Oro,23,0.1486364223859377
MUNICIPIO,Moyahua de Estrada,23,0.1486364223859377
MUNICIPIO,Tlahuiltepa,23,0.1486364223859377
MUNICIPIO,Acatlán de Juárez,23,0.1486364223859377
MUNICIPIO,Amacueca,23,0.1486364223859377
MUNICIPIO,Chilcuautla,23,0.1486364223859377
MUNICIPIO,Eloxochitlán,23,0.1486364223859377
MUNICIPIO,Ixmiquilpan,23,0.1486364223859377
MUNICIPIO,San Agustín Metzquititlán,23,0.1486364223859377
MUNICIPIO,Metztitlán,23,0.1486364223859377
MUNICIPIO,Mineral del Chico,23,0.1486364223859377
MUNICIPIO,Tecozautla,23,0.1486364223859377
MUNICIPIO,Huixtla,23,0.1486364223859377
MUNICIPIO,Motozintla,23,0.1486364223859377
MUNICIPIO,Villa Comaltitlán,23,0.1486364223859377
MUNICIPIO,Acacoyagua,23,0.1486364223859377
MUNICIPIO,Acala,23,0.1486364223859377
MUNICIPIO,Altamirano,23,0.1486364223859377
MUNICIPIO,Chiapilla,23,0.1486364223859377
MUNICIPIO,Huehuetán,23,0.1486364223859377
MUNICIPIO,Totolapa,23,0.1486364223859377
MUNICIPIO,La Trinitaria,23,0.1486364223859377
MUNICIPIO,Tuzantán,23,0.1486364223859377
MUNICIPIO,San Lucas,23,0.1486364223859377
MUNICIPIO,Canelas,23,0.1486364223859377
MUNICIPIO,Pueblo Nuevo,23,0.1486364223859377
MUNICIPIO,Ayutla de Los Libres,23,0.1486364223859377
MUNICIPIO,Buenavista de Cuéllar,23,0.1486364223859377
MUNICIPIO,Guanajuato,23,0.1486364223859377
MUNICIPIO,Romita,23,0.1486364223859377
MUNICIPIO,San Dimas,23,0.1486364223859377
MUNICIPIO,Tamazula,23,0.1486364223859377
MUNICIPIO,Topia,23,0.1486364223859377
MUNICIPIO,Huatabampo,22,0.14217396923872302
MUNICIPIO,Nealtican,22,0.14217396923872302
MUNICIPIO,San Lucas Quiaviní,22,0.14217396923872302
MUNICIPIO,Santiago Laxopa,22,0.14217396923872302
MUNICIPIO,Aguililla,22,0.14217396923872302
MUNICIPIO,Navojoa,22,0.14217396923872302
MUNICIPIO,Villa Díaz Ordaz,22,0.14217396923872302
MUNICIPIO,Nuevo Zoquiápam,22,0.14217396923872302
MUNICIPIO,San Pedro Sochiápam,22,0.14217396923872302
MUNICIPIO,Mixtlán,22,0.14217396923872302
MUNICIPIO,Ixtlán de Juárez,22,0.14217396923872302
MUNICIPIO,Dzán,22,0.14217396923872302
MUNICIPIO,Coscomatepec,22,0.14217396923872302
MUNICIPIO,Erongarícuaro,22,0.14217396923872302
MUNICIPIO,Cuauhtémoc,22,0.14217396923872302
MUNICIPIO,San Juan de Los Cués,22,0.14217396923872302
MUNICIPIO,Santa María Ecatepec,22,0.14217396923872302
MUNICIPIO,Santa Ana Cuauhtémoc,22,0.14217396923872302
MUNICIPIO,Zacatlán,22,0.14217396923872302
MUNICIPIO,San Mateo Yoloxochitlán,22,0.14217396923872302
MUNICIPIO,San Pedro Jaltepetongo,22,0.14217396923872302
MUNICIPIO,Oxchuc,22,0.14217396923872302
MUNICIPIO,San Lorenzo Cuaunecuiltitla,22,0.14217396923872302
MUNICIPIO,Zapotitlán de Vadillo,22,0.14217396923872302
MUNICIPIO,Santa Catarina Ixtepeji,22,0.14217396923872302
MUNICIPIO,Ometepec,21,0.13571151609150833
MUNICIPIO,San Pedro Lagunillas,21,0.13571151609150833
MUNICIPIO,Zinacantán,21,0.13571151609150833
MUNICIPIO,Igualapa,21,0.13571151609150833
MUNICIPIO,Sucilá,21,0.13571151609150833
MUNICIPIO,Tapalpa,21,0.13571151609150833
MUNICIPIO,Santa Isabel Cholula,21,0.13571151609150833
MUNICIPIO,Izúcar de Matamoros,21,0.13571151609150833
MUNICIPIO,Teocuitatlán de Corona,21,0.13571151609150833
MUNICIPIO,Tepoztlán,21,0.13571151609150833
MUNICIPIO,Huitzilac,21,0.13571151609150833
MUNICIPIO,Chiquilistlán,21,0.13571151609150833
MUNICIPIO,Mascota,21,0.13571151609150833
MUNICIPIO,Ahome,21,0.13571151609150833
MUNICIPIO,Santo Tomás,20,0.12924906294429364
MUNICIPIO,Nochistlán de Mejía,20,0.12924906294429364
MUNICIPIO,Luvianos,20,0.12924906294429364
MUNICIPIO,Cuautitlán de García Barragán,20,0.12924906294429364
MUNICIPIO,Villa Purificación,20,0.12924906294429364
MUNICIPIO,Puerto Vallarta,20,0.12924906294429364
MUNICIPIO,Coahuayutla de José María Izazaga,20,0.12924906294429364
MUNICIPIO,Otáez,20,0.12924906294429364
MUNICIPIO,Asunción Cuyotepeji,20,0.12924906294429364
MUNICIPIO,Chichiquila,20,0.12924906294429364
MUNICIPIO,Santa Inés del Monte,20,0.12924906294429364
MUNICIPIO,San Antonio Huitepec,20,0.12924906294429364
MUNICIPIO,Trinidad Zaachila,20,0.12924906294429364
MUNICIPIO,Catorce,20,0.12924906294429364
MUNICIPIO,Ocotlán,20,0.12924906294429364
MUNICIPIO,Santa María Quiegolani,20,0.12924906294429364
MUNICIPIO,Atenguillo,20,0.12924906294429364
MUNICIPIO,Huautla de Jiménez,20,0.12924906294429364
MUNICIPIO,San Luis Amatlán,19,0.12278660979707896
MUNICIPIO,Santa Catarina,19,0.12278660979707896
MUNICIPIO,Quiroga,19,0.12278660979707896
MUNICIPIO,Santa María Ixcatlán,19,0.12278660979707896
MUNICIPIO,Heroica Ciudad de Huajuapan de León,19,0.12278660979707896
MUNICIPIO,San Andrés Dinicuiti,19,0.12278660979707896
MUNICIPIO,Santa María del Río,19,0.12278660979707896
MUNICIPIO,Tecolotlán,19,0.12278660979707896
MUNICIPIO,Zapotiltic,19,0.12278660979707896
MUNICIPIO,Villa de Zaachila,19,0.12278660979707896
MUNICIPIO,Petlalcingo,19,0.12278660979707896
MUNICIPIO,Ayotlán,18,0.11632415664986429
MUNICIPIO,Umán,18,0.11632415664986429
MUNICIPIO,Mérida,18,0.11632415664986429
MUNICIPIO,Arandas,18,0.11632415664986429
MUNICIPIO,Jiquilpan,18,0.11632415664986429
MUNICIPIO,Eloxochitlán de Flores Magón,18,0.11632415664986429
MUNICIPIO,Jerez,18,0.11632415664986429
MUNICIPIO,San José Tenango,18,0.11632415664986429
MUNICIPIO,Santiago Matatlán,18,0.11632415664986429
MUNICIPIO,Santa Ana Ateixtlahuaca,18,0.11632415664986429
MUNICIPIO,San Miguel Aloápam,18,0.11632415664986429
MUNICIPIO,Alcozauca de Guerrero,18,0.11632415664986429
MUNICIPIO,Huautepec,18,0.11632415664986429
MUNICIPIO,La Barca,18,0.11632415664986429
MUNICIPIO,Copándaro,18,0.11632415664986429
MUNICIPIO,José Joaquín de Herrera,18,0.11632415664986429
MUNICIPIO,San Pedro Teutila,18,0.11632415664986429
MUNICIPIO,Pilcaya,18,0.11632415664986429
MUNICIPIO,Villaldama,17,0.10986170350264961
MUNICIPIO,Zacoalco de Torres,17,0.10986170350264961
MUNICIPIO,Pihuamo,17,0.10986170350264961
MUNICIPIO,Ánimas Trujano,17,0.10986170350264961
MUNICIPIO,Cuernavaca,17,0.10986170350264961
MUNICIPIO,Asunción Cacalotepec,17,0.10986170350264961
MUNICIPIO,Santiago Huajolotitlán,16,0.10339925035543493
MUNICIPIO,Santiago Suchilquitongo,16,0.10339925035543493
MUNICIPIO,Santa Ana,16,0.10339925035543493
MUNICIPIO,Santo Tomás Tamazulapan,16,0.10339925035543493
MUNICIPIO,San Simón Almolongas,16,0.10339925035543493
MUNICIPIO,Emiliano Zapata,16,0.10339925035543493
MUNICIPIO,Apaseo El Grande,16,0.10339925035543493
MUNICIPIO,Santiago Miltepec,16,0.10339925035543493
MUNICIPIO,San Pablo Coatlán,16,0.10339925035543493
MUNICIPIO,Santa María Camotlán,16,0.10339925035543493
MUNICIPIO,Atengo,16,0.10339925035543493
MUNICIPIO,Villa de Álvarez,16,0.10339925035543493
MUNICIPIO,Cuilápam de Guerrero,16,0.10339925035543493
MUNICIPIO,Jocotepec,16,0.10339925035543493
MUNICIPIO,San Agustín Etla,16,0.10339925035543493
MUNICIPIO,San Pablo Huitzo,16,0.10339925035543493
MUNICIPIO,Degollado,16,0.10339925035543493
MUNICIPIO,Charapan,16,0.10339925035543493
MUNICIPIO,Magdalena,16,0.10339925035543493
MUNICIPIO,Silacayoápam,16,0.10339925035543493
MUNICIPIO,Zacazonapan,16,0.10339925035543493
MUNICIPIO,Zoquitlán,15,0.09693679720822024
MUNICIPIO,Zitlala,15,0.09693679720822024
MUNICIPIO,Calkiní,15,0.09693679720822024
MUNICIPIO,Chapulco,15,0.09693679720822024
MUNICIPIO,Tototlán,15,0.09693679720822024
MUNICIPIO,Molcaxac,15,0.09693679720822024
MUNICIPIO,León,15,0.09693679720822024
MUNICIPIO,Siltepec,15,0.09693679720822024
MUNICIPIO,Bella Vista,15,0.09693679720822024
MUNICIPIO,Bejucal de Ocampo,15,0.09693679720822024
MUNICIPIO,Mazapa de Madero,15,0.09693679720822024
MUNICIPIO,La Grandeza,15,0.09693679720822024
MUNICIPIO,San Miguel de Allende,15,0.09693679720822024
MUNICIPIO,Ajalpan,15,0.09693679720822024
MUNICIPIO,Amatenango de La Frontera,15,0.09693679720822024
MUNICIPIO,Santa María Texcatitlán,15,0.09693679720822024
MUNICIPIO,Manzanillo,15,0.09693679720822024
MUNICIPIO,Calotmul,15,0.09693679720822024
MUNICIPIO,Huatusco,15,0.09693679720822024
MUNICIPIO,Jalacingo,15,0.09693679720822024
MUNICIPIO,Purísima del Rincón,15,0.09693679720822024
MUNICIPIO,San Andrés Teotilálpam,15,0.09693679720822024
MUNICIPIO,Aquixtla,14,0.09047434406100556
MUNICIPIO,Ixhuacán de Los Reyes,14,0.09047434406100556
MUNICIPIO,Atexcal,14,0.09047434406100556
MUNICIPIO,Vicente Guerrero,14,0.09047434406100556
MUNICIPIO,Santiago Juxtlahuaca,14,0.09047434406100556
MUNICIPIO,Santiago Textitlán,14,0.09047434406100556
MUNICIPIO,Cohuecan,14,0.09047434406100556
MUNICIPIO,San Martín Peras,14,0.09047434406100556
MUNICIPIO,Yahualica de González Gallo,14,0.09047434406100556
MUNICIPIO,Huixtán,14,0.09047434406100556
MUNICIPIO,San Francisco Ozolotepec,14,0.09047434406100556
MUNICIPIO,San Francisco Sola,14,0.09047434406100556
MUNICIPIO,San Juan Ozolotepec,14,0.09047434406100556
MUNICIPIO,Chamula,14,0.09047434406100556
MUNICIPIO,Jaumave,14,0.09047434406100556
MUNICIPIO,Coquimatlán,14,0.09047434406100556
MUNICIPIO,San Francisco del Rincón,14,0.09047434406100556
MUNICIPIO,Santiago El Pinar,14,0.09047434406100556
MUNICIPIO,Jesús María,14,0.09047434406100556
MUNICIPIO,Acatic,14,0.09047434406100556
MUNICIPIO,Tizapán El Alto,14,0.09047434406100556
MUNICIPIO,Joquicingo,14,0.09047434406100556
MUNICIPIO,San Miguel Suchixtepec,14,0.09047434406100556
MUNICIPIO,San Pablo Etla,14,0.09047434406100556
MUNICIPIO,Santa María Ozolotepec,14,0.09047434406100556
MUNICIPIO,Santa Lucía Miahuatlán,14,0.09047434406100556
MUNICIPIO,Santa María Zaniza,14,0.09047434406100556
MUNICIPIO,Tepatitlán de Morelos,14,0.09047434406100556
MUNICIPIO,Villa Sola de Vega,14,0.09047434406100556
MUNICIPIO,San Lorenzo Texmelúcan,14,0.09047434406100556
MUNICIPIO,Aldama,14,0.09047434406100556
MUNICIPIO,San Juan Cancuc,14,0.09047434406100556
MUNICIPIO,Temozón,14,0.09047434406100556
MUNICIPIO,San Mateo Río Hondo,14,0.09047434406100556
MUNICIPIO,Allende,14,0.09047434406100556
MUNICIPIO,Tlaltizapán de Zapata,14,0.09047434406100556
MUNICIPIO,Puente de Ixtla,14,0.09047434406100556
MUNICIPIO,Tetiz,14,0.09047434406100556
MUNICIPIO,Chumayel,13,0.08401189091379088
MUNICIPIO,Abasolo,13,0.08401189091379088
MUNICIPIO,Guasave,13,0.08401189091379088
MUNICIPIO,Buctzotz,13,0.08401189091379088
MUNICIPIO,Parácuaro,13,0.08401189091379088
MUNICIPIO,Coalcomán de Vázquez Pallares,13,0.08401189091379088
MUNICIPIO,San Miguel Mixtepec,13,0.08401189091379088
MUNICIPIO,San Bernardo Mixtepec,13,0.08401189091379088
MUNICIPIO,San Pablo Huixtepec,13,0.08401189091379088
MUNICIPIO,Tehuacán,13,0.08401189091379088
MUNICIPIO,Zapotitlán,13,0.08401189091379088
MUNICIPIO,Villa de Guadalupe,13,0.08401189091379088
MUNICIPIO,Atzalan,13,0.08401189091379088
MUNICIPIO,Tzimol,13,0.08401189091379088
MUNICIPIO,Coyuca de Catalán,13,0.08401189091379088
MUNICIPIO,Frontera Comalapa,13,0.08401189091379088
MUNICIPIO,Calnali,13,0.08401189091379088
MUNICIPIO,San Juan Achiutla,13,0.08401189091379088
MUNICIPIO,San Juan Atepec,13,0.08401189091379088
MUNICIPIO,San Juan Mixtepec,13,0.08401189091379088
MUNICIPIO,San Mateo Sindihui,13,0.08401189091379088
MUNICIPIO,San Miguel Peras,13,0.08401189091379088
MUNICIPIO,Pacula,13,0.08401189091379088
MUNICIPIO,Tianguistengo,13,0.08401189091379088
MUNICIPIO,Tlanchinol,13,0.08401189091379088
MUNICIPIO,Ahualulco de Mercado,13,0.08401189091379088
MUNICIPIO,San Juanito de Escobedo,13,0.08401189091379088
MUNICIPIO,Etzatlán,13,0.08401189091379088
MUNICIPIO,Zapotlanejo,13,0.08401189091379088
MUNICIPIO,La Independencia,13,0.08401189091379088
MUNICIPIO,Comitán de Domínguez,13,0.08401189091379088
MUNICIPIO,San Antonino El Alto,13,0.08401189091379088
MUNICIPIO,Magdalena Apasco,13,0.08401189091379088
MUNICIPIO,San Pedro Apóstol,13,0.08401189091379088
MUNICIPIO,San Pedro Mártir Yucuxaco,13,0.08401189091379088
MUNICIPIO,Santa Cruz Acatepec,13,0.08401189091379088
MUNICIPIO,Santiago Minas,13,0.08401189091379088
MUNICIPIO,Tlaltetela,13,0.08401189091379088
MUNICIPIO,Ixhuatlán del Café,13,0.08401189091379088
MUNICIPIO,Tomatlán,13,0.08401189091379088
MUNICIPIO,Teococuilco de Marcos Pérez,13,0.08401189091379088
MUNICIPIO,Tunkás,12,0.07754943776657619
MUNICIPIO,Chimaltitán,12,0.07754943776657619
MUNICIPIO,Magdalena Mixtepec,12,0.07754943776657619
MUNICIPIO,Totatiche,12,0.07754943776657619
MUNICIPIO,Jerécuaro,12,0.07754943776657619
MUNICIPIO,Santo Domingo Ozolotepec,12,0.07754943776657619
MUNICIPIO,Coxcatlán,12,0.07754943776657619
MUNICIPIO,Panabá,12,0.07754943776657619
MUNICIPIO,Las Margaritas,12,0.07754943776657619
MUNICIPIO,Jalpa,12,0.07754943776657619
MUNICIPIO,Chila,12,0.07754943776657619
MUNICIPIO,Xico,12,0.07754943776657619
MUNICIPIO,Cuerámaro,12,0.07754943776657619
MUNICIPIO,Tenango del Valle,12,0.07754943776657619
MUNICIPIO,Tetecala,12,0.07754943776657619
MUNICIPIO,Mixistlán de La Reforma,12,0.07754943776657619
MUNICIPIO,Acaxochitlán,12,0.07754943776657619
MUNICIPIO,Tzitzio,12,0.07754943776657619
MUNICIPIO,San Juan del Estado,11,0.07108698461936151
MUNICIPIO,Ixtlahuacán de Los Membrillos,11,0.07108698461936151
MUNICIPIO,Cantamayec,11,0.07108698461936151
MUNICIPIO,Ciudad Fernández,11,0.07108698461936151
MUNICIPIO,San Martín Hidalgo,11,0.07108698461936151
MUNICIPIO,Tepeyanco,11,0.07108698461936151
MUNICIPIO,Tepehuacán de Guerrero,11,0.07108698461936151
MUNICIPIO,Lagunillas,11,0.07108698461936151
MUNICIPIO,Miahuatlán de Porfirio Díaz,11,0.07108698461936151
MUNICIPIO,Santa María Yucuhiti,11,0.07108698461936151
MUNICIPIO,Tenamaxtlán,11,0.07108698461936151
MUNICIPIO,Bolaños,11,0.07108698461936151
MUNICIPIO,Zacualtipán de Ángeles,11,0.07108698461936151
MUNICIPIO,Corregidora,11,0.07108698461936151
MUNICIPIO,González,11,0.07108698461936151
MUNICIPIO,Santa Cruz Mixtepec,11,0.07108698461936151
MUNICIPIO,Heroica Ciudad de Ejutla de Crespo,11,0.07108698461936151
MUNICIPIO,Villa Corona,11,0.07108698461936151
MUNICIPIO,Caltepec,11,0.07108698461936151
MUNICIPIO,Sinaloa,11,0.07108698461936151
MUNICIPIO,San Mateo Peñasco,10,0.06462453147214682
MUNICIPIO,Pajacuarán,10,0.06462453147214682
MUNICIPIO,Guachinango,10,0.06462453147214682
MUNICIPIO,Culiacán,10,0.06462453147214682
MUNICIPIO,Balancán,10,0.06462453147214682
MUNICIPIO,Jonuta,10,0.06462453147214682
MUNICIPIO,Ahuacuotzingo,10,0.06462453147214682
MUNICIPIO,Tarimoro,10,0.06462453147214682
MUNICIPIO,Tenosique,10,0.06462453147214682
MUNICIPIO,San Miguel Achiutla,10,0.06462453147214682
MUNICIPIO,Lolotla,10,0.06462453147214682
MUNICIPIO,San Bartolo Tutotepec,10,0.06462453147214682
MUNICIPIO,Tenango de Doria,10,0.06462453147214682
MUNICIPIO,San Marcos,10,0.06462453147214682
MUNICIPIO,Aquila,10,0.06462453147214682
MUNICIPIO,Jiménez,10,0.06462453147214682
MUNICIPIO,Nocupétaro,10,0.06462453147214682
MUNICIPIO,Apaseo El Alto,10,0.06462453147214682
MUNICIPIO,Sahuayo,10,0.06462453147214682
MUNICIPIO,Tuzantla,10,0.06462453147214682
MUNICIPIO,Zacapu,10,0.06462453147214682
MUNICIPIO,San Francisco Cajonos,10,0.06462453147214682
MUNICIPIO,San Juan Quiotepec,10,0.06462453147214682
MUNICIPIO,San Mateo Cajonos,10,0.06462453147214682
MUNICIPIO,Xilitla,10,0.06462453147214682
MUNICIPIO,Mezquitic,10,0.06462453147214682
MUNICIPIO,San Pablo Yaganiza,10,0.06462453147214682
MUNICIPIO,San Pedro Molinos,10,0.06462453147214682
MUNICIPIO,Santa María Alotepec,10,0.06462453147214682
MUNICIPIO,San Pedro Teozacoalco,10,0.06462453147214682
MUNICIPIO,Santiago Atitlán,10,0.06462453147214682
MUNICIPIO,Santiago Comaltepec,10,0.06462453147214682
MUNICIPIO,Santiago Zacatepec,10,0.06462453147214682
MUNICIPIO,Yutanduchi de Guerrero,10,0.06462453147214682
MUNICIPIO,Indaparapeo,9,0.05816207832493214
MUNICIPIO,Chinicuila,9,0.05816207832493214
MUNICIPIO,Mulegé,9,0.05816207832493214
MUNICIPIO,San Miguel Coatlán,9,0.05816207832493214
MUNICIPIO,San Pedro Quiatoni,9,0.05816207832493214
MUNICIPIO,San Sebastián Río Hondo,9,0.05816207832493214
MUNICIPIO,Santa Catarina Cuixtla,9,0.05816207832493214
MUNICIPIO,San Marcial Ozolotepec,9,0.05816207832493214
MUNICIPIO,San Ildefonso Amatlán,9,0.05816207832493214
MUNICIPIO,San Francisco Cahuacuá,9,0.05816207832493214
MUNICIPIO,Tepalcatepec,9,0.05816207832493214
MUNICIPIO,Nuevo Urecho,9,0.05816207832493214
MUNICIPIO,Othón P. Blanco,9,0.05816207832493214
MUNICIPIO,Izamal,9,0.05816207832493214
MUNICIPIO,Yobaín,9,0.05816207832493214
MUNICIPIO,Temax,9,0.05816207832493214
MUNICIPIO,Tixmehuac,9,0.05816207832493214
MUNICIPIO,Tekit,9,0.05816207832493214
MUNICIPIO,Ucú,9,0.05816207832493214
MUNICIPIO,Tahdziú,9,0.05816207832493214
MUNICIPIO,Suma,9,0.05816207832493214
MUNICIPIO,Seyé,9,0.05816207832493214
MUNICIPIO,San Felipe,9,0.05816207832493214
MUNICIPIO,Sanahcat,9,0.05816207832493214
MUNICIPIO,Peto,9,0.05816207832493214
MUNICIPIO,Kinchil,9,0.05816207832493214
MUNICIPIO,Kanasín,9,0.05816207832493214
MUNICIPIO,Chocholá,9,0.05816207832493214
MUNICIPIO,Dzidzantún,9,0.05816207832493214
MUNICIPIO,Dzilam González,9,0.05816207832493214
MUNICIPIO,Dzoncauich,9,0.05816207832493214
MUNICIPIO,Acanceh,9,0.05816207832493214
MUNICIPIO,Huhí,9,0.05816207832493214
MUNICIPIO,Homún,9,0.05816207832493214
MUNICIPIO,Hocabá,9,0.05816207832493214
MUNICIPIO,Chacsinkín,9,0.05816207832493214
MUNICIPIO,Cansahcab,9,0.05816207832493214
MUNICIPIO,Abalá,9,0.05816207832493214
MUNICIPIO,Santo Domingo Teojomulco,9,0.05816207832493214
MUNICIPIO,Santo Domingo Ixcatlán,9,0.05816207832493214
MUNICIPIO,Santiago Yosondúa,9,0.05816207832493214
MUNICIPIO,Santiago Xanica,9,0.05816207832493214
MUNICIPIO,Santa Cruz Zenzontepec,9,0.05816207832493214
MUNICIPIO,Huimanguillo,9,0.05816207832493214
MUNICIPIO,San Andrés Cabecera Nueva,8,0.051699625177717465
MUNICIPIO,Santiago Ixcuintla,8,0.051699625177717465
MUNICIPIO,San Antonio Sinicahua,8,0.051699625177717465
MUNICIPIO,Las Minas,8,0.051699625177717465
MUNICIPIO,Zumpahuacán,8,0.051699625177717465
MUNICIPIO,Magdalena Peñasco,8,0.051699625177717465
MUNICIPIO,Villanueva,8,0.051699625177717465
MUNICIPIO,San Martín de Bolaños,8,0.051699625177717465
MUNICIPIO,Del Nayar,8,0.051699625177717465
MUNICIPIO,Santa Elena,8,0.051699625177717465
MUNICIPIO,Tecoh,8,0.051699625177717465
MUNICIPIO,Mocorito,8,0.051699625177717465
MUNICIPIO,Heroica Ciudad de Tlaxiaco,8,0.051699625177717465
MUNICIPIO,Jalpan de Serra,8,0.051699625177717465
MUNICIPIO,San Agustín Tlacotepec,8,0.051699625177717465
MUNICIPIO,Santa Cruz Itundujia,8,0.051699625177717465
MUNICIPIO,Calpan,8,0.051699625177717465
MUNICIPIO,Pinal de Amoles,8,0.051699625177717465
MUNICIPIO,Santa María Tataltepec,8,0.051699625177717465
MUNICIPIO,Santa Lucía Monteverde,8,0.051699625177717465
MUNICIPIO,San Bartolomé Yucuañe,8,0.051699625177717465
MUNICIPIO,Santa María Yosoyúa,8,0.051699625177717465
MUNICIPIO,San Cristóbal Amoltepec,8,0.051699625177717465
MUNICIPIO,San Juan Ñumí,8,0.051699625177717465
MUNICIPIO,Santa Cruz Tayata,8,0.051699625177717465
MUNICIPIO,San Martín Huamelúlpam,8,0.051699625177717465
MUNICIPIO,Santa Catarina Tayata,8,0.051699625177717465
MUNICIPIO,Juchitepec,7,0.04523717203050278
MUNICIPIO,Yurécuaro,7,0.04523717203050278
MUNICIPIO,Chapala,7,0.04523717203050278
MUNICIPIO,Abejones,7,0.04523717203050278
MUNICIPIO,Santa Ana Yareni,7,0.04523717203050278
MUNICIPIO,Cacalchén,7,0.04523717203050278
MUNICIPIO,Irapuato,7,0.04523717203050278
MUNICIPIO,San Pedro Ocotepec,7,0.04523717203050278
MUNICIPIO,Ayala,7,0.04523717203050278
MUNICIPIO,Huanímaro,7,0.04523717203050278
MUNICIPIO,Putla Villa de Guerrero,7,0.04523717203050278
MUNICIPIO,San Miguel Quetzaltepec,7,0.04523717203050278
MUNICIPIO,Vista Hermosa,7,0.04523717203050278
MUNICIPIO,Coeneo,7,0.04523717203050278
MUNICIPIO,Morelos,7,0.04523717203050278
MUNICIPIO,Tanhuato,7,0.04523717203050278
MUNICIPIO,Tepalcingo,7,0.04523717203050278
MUNICIPIO,San Pedro Yólox,7,0.04523717203050278
MUNICIPIO,Tekantó,7,0.04523717203050278
MUNICIPIO,Santiago Yucuyachi,7,0.04523717203050278
MUNICIPIO,Hoctún,7,0.04523717203050278
MUNICIPIO,Tepeaca,7,0.04523717203050278
MUNICIPIO,Hermosillo,7,0.04523717203050278
MUNICIPIO,Coyomeapan,7,0.04523717203050278
MUNICIPIO,Pénjamo,7,0.04523717203050278
MUNICIPIO,Playas de Rosarito,7,0.04523717203050278
MUNICIPIO,Santa Cruz de Juventino Rosas,6,0.038774718883288095
MUNICIPIO,San Ignacio Río Muerto,6,0.038774718883288095
MUNICIPIO,Bácum,6,0.038774718883288095
MUNICIPIO,San Ignacio,6,0.038774718883288095
MUNICIPIO,Tarandacuao,6,0.038774718883288095
MUNICIPIO,Villa de La Paz,6,0.038774718883288095
MUNICIPIO,Angostura,6,0.038774718883288095
MUNICIPIO,Guadalupe Victoria,6,0.038774718883288095
MUNICIPIO,Santiago Apoala,6,0.038774718883288095
MUNICIPIO,Colotlán,5,0.03231226573607341
MUNICIPIO,Tixcacalcupul,5,0.03231226573607341
MUNICIPIO,Álvaro Obregón,5,0.03231226573607341
MUNICIPIO,Huauchinango,5,0.03231226573607341
MUNICIPIO,San Carlos Yautepec,5,0.03231226573607341
MUNICIPIO,Panindícuaro,5,0.03231226573607341
MUNICIPIO,Huejotzingo,5,0.03231226573607341
MUNICIPIO,Llera,5,0.03231226573607341
MUNICIPIO,Santa Cruz Nundaco,4,0.025849812588858732
MUNICIPIO,Tecomán,4,0.025849812588858732
MUNICIPIO,Cortazar,4,0.025849812588858732
MUNICIPIO,Jilotlán de Los Dolores,4,0.025849812588858732
MUNICIPIO,Guachochi,4,0.025849812588858732
MUNICIPIO,Santiago Papasquiaro,4,0.025849812588858732
MUNICIPIO,Tepehuanes,4,0.025849812588858732
MUNICIPIO,Guadalupe Y Calvo,4,0.025849812588858732
MUNICIPIO,Puruándiro,4,0.025849812588858732
MUNICIPIO,Chietla,4,0.025849812588858732
MUNICIPIO,Atlatlahucan,3,0.019387359441644048
MUNICIPIO,Suchiate,3,0.019387359441644048
MUNICIPIO,Dzitbalché,3,0.019387359441644048
MUNICIPIO,Zapotlán del Rey,3,0.019387359441644048
MUNICIPIO,Juan Galindo,3,0.019387359441644048
MUNICIPIO,Amatitán,3,0.019387359441644048
MUNICIPIO,San Juan del Río,3,0.019387359441644048
MUNICIPIO,Nicolás Romero,3,0.019387359441644048
MUNICIPIO,Santiago Tenango,3,0.019387359441644048
MUNICIPIO,Jalpa de Méndez,3,0.019387359441644048
MUNICIPIO,La Unión de Isidoro Montes de Oca,2,0.012924906294429366
MUNICIPIO,San Mateo Yucutindoo,2,0.012924906294429366
MUNICIPIO,Chicomuselo,2,0.012924906294429366
MUNICIPIO,Ciénega de Zimatlán,2,0.012924906294429366
MUNICIPIO,Santos Reyes Tepejillo,2,0.012924906294429366
MUNICIPIO,Guadalupe Etla,2,0.012924906294429366
MUNICIPIO,Tlacolula de Matamoros,2,0.012924906294429366
MUNICIPIO,Colima,2,0.012924906294429366
MUNICIPIO,Bacalar,2,0.012924906294429366
MUNICIPIO,Zacualpan de Amilpas,2,0.012924906294429366
MUNICIPIO,Lázaro Cárdenas,2,0.012924906294429366
MUNICIPIO,Penjamillo,2,0.012924906294429366
MUNICIPIO,Jaral del Progreso,2,0.012924906294429366
MUNICIPIO,Santiago Nuyoó,2,0.012924906294429366
MUNICIPIO,San Pablo Villa de Mitla,2,0.012924906294429366
MUNICIPIO,Asunción Ocotlán,2,0.012924906294429366
MUNICIPIO,Santa María Sola,2,0.012924906294429366
MUNICIPIO,San Dionisio Ocotepec,2,0.012924906294429366
MUNICIPIO,Ocotlán de Morelos,2,0.012924906294429366
MUNICIPIO,Santa Ana Tlapacoyan,2,0.012924906294429366
MUNICIPIO,Armería,1,0.006462453147214683
MUNICIPIO,Amecameca,1,0.006462453147214683
MUNICIPIO,Rosamorada,1,0.006462453147214683
MUNICIPIO,Apazapan,1,0.006462453147214683
MUNICIPIO,Tlaltenango,1,0.006462453147214683
MUNICIPIO,Cardonal,1,0.006462453147214683
MUNICIPIO,Cuautinchán,1,0.006462453147214683
MUNICIPIO,San Pedro Cholula,1,0.006462453147214683
MUNICIPIO,Santa Catarina Lachatao,1,0.006462453147214683
MUNICIPIO,El Fuerte,1,0.006462453147214683
MUNICIPIO,Temoac,1,0.006462453147214683
MUNICIPIO,Axochiapan,1,0.006462453147214683
MUNICIPIO,Choix,1,0.006462453147214683
MUNICIPIO,Guelatao de Juárez,1,0.006462453147214683
MUNICIPIO,Villa Hidalgo Yalálag,1,0.006462453147214683
MUNICIPIO,Jalpan,1,0.006462453147214683
MUNICIPIO,Venustiano Carranza,1,0.006462453147214683
CVE_DDR,109.0,997,6.443065787773039
CVE_DDR,[Ausente],981,6.339666537417604
CVE_DDR,105.0,761,4.917926845030374
CVE_DDR,108.0,747,4.827452500969368
CVE_DDR,71.0,728,4.704665891172289
CVE_DDR,104.0,522,3.3734005428460647
CVE_DDR,87.0,397,2.5655938994442287
CVE_DDR,78.0,393,2.5397440868553702
CVE_DDR,94.0,366,2.365257851880574
CVE_DDR,67.0,345,2.2295463357890655
CVE_DDR,19.0,328,2.119684632286416
CVE_DDR,93.0,324,2.093834819697557
CVE_DDR,90.0,309,1.996898022489337
CVE_DDR,180.0,300,1.9387359441644048
CVE_DDR,56.0,296,1.912886131575546
CVE_DDR,179.0,285,1.8417991469561845
CVE_DDR,86.0,280,1.8094868812201113
CVE_DDR,91.0,270,1.7448623497479645
CVE_DDR,115.0,267,1.7254749903063205
CVE_DDR,79.0,260,1.6802378182758178
CVE_DDR,113.0,258,1.6673129119813883
CVE_DDR,171.0,238,1.5380638490370946
CVE_DDR,58.0,232,1.4992891301538063
CVE_DDR,54.0,200,1.2924906294429366
CVE_DDR,65.0,185,1.1955538322347163
CVE_DDR,70.0,184,1.1890913790875015
CVE_DDR,76.0,175,1.1309293007625696
CVE_DDR,53.0,171,1.1050794881737107
CVE_DDR,60.0,163,1.0533798629959934
CVE_DDR,97.0,154,0.995217784671061
CVE_DDR,64.0,152,0.9822928783766317
CVE_DDR,99.0,135,0.8724311748739823
CVE_DDR,190.0,132,0.8530438154323382
CVE_DDR,69.0,129,0.8336564559906942
CVE_DDR,181.0,120,0.7754943776657619
CVE_DDR,25.0,118,0.7625694713713326
CVE_DDR,118.0,115,0.7431821119296885
CVE_DDR,50.0,114,0.7367196587824738
CVE_DDR,24.0,113,0.7302572056352591
CVE_DDR,51.0,106,0.6850200336047564
CVE_DDR,75.0,104,0.6720951273103271
CVE_DDR,16.0,104,0.6720951273103271
CVE_DDR,18.0,97,0.6268579552798242
CVE_DDR,170.0,97,0.6268579552798242
CVE_DDR,72.0,93,0.6010081426909655
CVE_DDR,120.0,92,0.5945456895437508
CVE_DDR,20.0,89,0.5751583301021068
CVE_DDR,112.0,84,0.5428460643660333
CVE_DDR,68.0,83,0.5363836112188187
CVE_DDR,52.0,82,0.529921158071604
CVE_DDR,96.0,82,0.529921158071604
CVE_DDR,62.0,79,0.5105337986299598
CVE_DDR,117.0,77,0.4976088923355305
CVE_DDR,103.0,76,0.49114643918831585
CVE_DDR,66.0,74,0.4782215328938865
CVE_DDR,47.0,74,0.4782215328938865
CVE_DDR,114.0,73,0.47175907974667186
CVE_DDR,116.0,70,0.4523717203050278
CVE_DDR,44.0,69,0.4459092671578131
CVE_DDR,149.0,67,0.43298436086338377
CVE_DDR,89.0,66,0.4265219077161691
CVE_DDR,8.0,64,0.4135970014217397
CVE_DDR,100.0,63,0.40713454827452494
CVE_DDR,102.0,60,0.38774718883288095
CVE_DDR,151.0,58,0.37482228253845157
CVE_DDR,136.0,58,0.37482228253845157
CVE_DDR,85.0,54,0.34897246994959286
CVE_DDR,2.0,53,0.3425100168023782
CVE_DDR,63.0,47,0.3037352979190901
CVE_DDR,107.0,47,0.3037352979190901
CVE_DDR,9.0,45,0.2908103916246607
CVE_DDR,187.0,41,0.264960579035802
CVE_DDR,153.0,40,0.2584981258885873
CVE_DDR,128.0,39,0.2520356727413726
CVE_DDR,88.0,38,0.24557321959415793
CVE_DDR,82.0,35,0.2261858601525139
CVE_DDR,95.0,33,0.21326095385808455
CVE_DDR,61.0,32,0.20679850071086986
CVE_DDR,73.0,26,0.16802378182758176
CVE_DDR,134.0,24,0.15509887553315238
CVE_DDR,6.0,23,0.1486364223859377
CVE_DDR,10.0,23,0.1486364223859377
CVE_DDR,5.0,23,0.1486364223859377
CVE_DDR,1.0,23,0.1486364223859377
CVE_DDR,7.0,23,0.1486364223859377
CVE_DDR,150.0,23,0.1486364223859377
CVE_DDR,133.0,23,0.1486364223859377
CVE_DDR,138.0,23,0.1486364223859377
CVE_DDR,17.0,20,0.12924906294429364
CVE_DDR,92.0,20,0.12924906294429364
CVE_DDR,81.0,19,0.12278660979707896
CVE_DDR,101.0,19,0.12278660979707896
CVE_DDR,126.0,19,0.12278660979707896
CVE_DDR,57.0,18,0.11632415664986429
CVE_DDR,182.0,16,0.10339925035543493
CVE_DDR,119.0,16,0.10339925035543493
CVE_DDR,48.0,15,0.09693679720822024
CVE_DDR,161.0,14,0.09047434406100556
CVE_DDR,55.0,13,0.08401189091379088
CVE_DDR,169.0,13,0.08401189091379088
CVE_DDR,135.0,12,0.07754943776657619
CVE_DDR,148.0,12,0.07754943776657619
CVE_DDR,122.0,11,0.07108698461936151
CVE_DDR,130.0,11,0.07108698461936151
CVE_DDR,163.0,11,0.07108698461936151
CVE_DDR,123.0,11,0.07108698461936151
CVE_DDR,164.0,11,0.07108698461936151
CVE_DDR,111.0,10,0.06462453147214682
CVE_DDR,162.0,10,0.06462453147214682
CVE_DDR,131.0,10,0.06462453147214682
CVE_DDR,4.0,9,0.05816207832493214
CVE_DDR,38.0,8,0.051699625177717465
CVE_DDR,144.0,7,0.04523717203050278
CVE_DDR,137.0,6,0.038774718883288095
CVE_DDR,160.0,5,0.03231226573607341
CVE_DDR,74.0,3,0.019387359441644048
CVE_DDR,125.0,2,0.012924906294429366
DISTRITO,Cañada,997,6.443065787773039
DISTRITO,[Ausente],981,6.339666537417604
DISTRITO,Valles Centrales,761,4.917926845030374
DISTRITO,Sierra Juárez,747,4.827452500969368
DISTRITO,Ciudad Guzmán,728,4.704665891172289
DISTRITO,Huajuapan de León,522,3.3734005428460647
DISTRITO,Zamora,397,2.5655938994442287
DISTRITO,Coatepec Harinas,393,2.5397440868553702
DISTRITO,Zacatepec-Galeana,366,2.365257851880574
DISTRITO,Ameca,345,2.2295463357890655
DISTRITO,San Cristóbal de las Casas,328,2.119684632286416
DISTRITO,Zitácuaro,324,2.093834819697557
DISTRITO,Pátzcuaro,309,1.996898022489337
DISTRITO,Ticul,300,1.9387359441644048
DISTRITO,Chilpancingo,296,1.912886131575546
DISTRITO,Mérida,285,1.8417991469561845
DISTRITO,Uruapan,280,1.8094868812201113
DISTRITO,Morelia,270,1.7448623497479645
DISTRITO,Cholula,267,1.7254749903063205
DISTRITO,Valle de Bravo,260,1.6802378182758178
DISTRITO,Teziutlán,258,1.6673129119813883
DISTRITO,Fortín,238,1.5380638490370946
DISTRITO,Iguala,232,1.4992891301538063
DISTRITO,Las Vigas,200,1.2924906294429366
DISTRITO,Zapopan,185,1.1955538322347163
DISTRITO,La Barca,184,1.1890913790875015
DISTRITO,Tejupilco,175,1.1309293007625696
DISTRITO,Atoyac,171,1.1050794881737107
DISTRITO,Zacualtipán,163,1.0533798629959934
DISTRITO,Ahuacatlán,154,0.995217784671061
DISTRITO,Huichapan,152,0.9822928783766317
DISTRITO,Tepic,135,0.8724311748739823
DISTRITO,Jalpa,132,0.8530438154323382
DISTRITO,El Grullo,129,0.8336564559906942
DISTRITO,Tizimín,120,0.7754943776657619
DISTRITO,Tapachula,118,0.7625694713713326
DISTRITO,Tehuacán,115,0.7431821119296885
DISTRITO,León,114,0.7367196587824738
DISTRITO,Motozintla,113,0.7302572056352591
DISTRITO,Celaya,106,0.6850200336047564
DISTRITO,Texcoco,104,0.6720951273103271
DISTRITO,Colima,104,0.6720951273103271
DISTRITO,Tuxtla Gutiérrez,97,0.6268579552798242
DISTRITO,Coatepec,97,0.6268579552798242
DISTRITO,Colotlán,93,0.6010081426909655
DISTRITO,Cadereyta,92,0.5945456895437508
DISTRITO,Comitán,89,0.5751583301021068
DISTRITO,Zacatlán,84,0.5428460643660333
DISTRITO,Tomatlán,83,0.5363836112188187
DISTRITO,Cortazar,82,0.529921158071604
DISTRITO,Compostela,82,0.529921158071604
DISTRITO,Pachuca,79,0.5105337986299598
DISTRITO,Tecamachalco,77,0.4976088923355305
DISTRITO,Galeana,76,0.49114643918831585
DISTRITO,Lagos de Moreno,74,0.4782215328938865
DISTRITO,Santiago Papasquiaro,74,0.4782215328938865
DISTRITO,Libres,73,0.47175907974667186
DISTRITO,Izúcar de Matamoros,70,0.4523717203050278
DISTRITO,El Salto,69,0.4459092671578131
DISTRITO,Navojoa,67,0.43298436086338377
DISTRITO,La Piedad,66,0.4265219077161691
DISTRITO,Hecelchakán,64,0.4135970014217397
DISTRITO,Anáhuac,63,0.40713454827452494
DISTRITO,Montemorelos,60,0.38774718883288095
DISTRITO,Cárdenas,58,0.37482228253845157
DISTRITO,Culiacán,58,0.37482228253845157
DISTRITO,Apatzingán,54,0.34897246994959286
DISTRITO,Ensenada,53,0.3425100168023782
DISTRITO,Mixquiahuala,47,0.3037352979190901
DISTRITO,Istmo,47,0.3037352979190901
DISTRITO,Campeche,45,0.2908103916246607
DISTRITO,Jerez,41,0.264960579035802
DISTRITO,Emiliano Zapata,40,0.2584981258885873
DISTRITO,Matehuala,39,0.2520356727413726
DISTRITO,Sahuayo,38,0.24557321959415793
DISTRITO,Aguililla,35,0.2261858601525139
DISTRITO,Santiago Ixcuintla,33,0.21326095385808455
DISTRITO,Tulancingo,32,0.20679850071086986
DISTRITO,Toluca,26,0.16802378182758176
DISTRITO,Guasave,24,0.15509887553315238
DISTRITO,La Paz,23,0.1486364223859377
DISTRITO,Champotón,23,0.1486364223859377
DISTRITO,Comondú,23,0.1486364223859377
DISTRITO,Aguascalientes,23,0.1486364223859377
DISTRITO,Los Cabos,23,0.1486364223859377
DISTRITO,Villahermosa,23,0.1486364223859377
DISTRITO,Los Mochis,23,0.1486364223859377
DISTRITO,Mazatlán,23,0.1486364223859377
DISTRITO,Tecomán,20,0.12924906294429364
DISTRITO,Huetamo,20,0.12924906294429364
DISTRITO,Coahuayana,19,0.12278660979707896
DISTRITO,Apodaca,19,0.12278660979707896
DISTRITO,San Luis Potosí,19,0.12278660979707896
DISTRITO,Tlapa,18,0.11632415664986429
DISTRITO,Valladolid,16,0.10339925035543493
DISTRITO,Jalpan,16,0.10339925035543493
DISTRITO,Dolores Hidalgo,15,0.09693679720822024
DISTRITO,Jaumave,14,0.09047434406100556
DISTRITO,Altamirano,13,0.08401189091379088
DISTRITO,Martínez de la Torre,13,0.08401189091379088
DISTRITO,Guamúchil,12,0.07754943776657619
DISTRITO,Cajeme,12,0.07754943776657619
DISTRITO,Querétaro,11,0.07108698461936151
DISTRITO,Ciudad Fernández,11,0.07108698461936151
DISTRITO,González,11,0.07108698461936151
DISTRITO,Chetumal,11,0.07108698461936151
DISTRITO,Tlaxcala,11,0.07108698461936151
DISTRITO,Huauchinango,10,0.06462453147214682
DISTRITO,Mante,10,0.06462453147214682
DISTRITO,Ciudad Valles,10,0.06462453147214682
DISTRITO,Mulegé,9,0.05816207832493214
DISTRITO,Balleza,8,0.051699625177717465
DISTRITO,Hermosillo,7,0.04523717203050278
DISTRITO,La Cruz,6,0.038774718883288095
DISTRITO,Victoria,5,0.03231226573607341
DISTRITO,Zumpango,3,0.019387359441644048
DISTRITO,Cancún,2,0.012924906294429366
CVE_CADER,1.0,4215,27.239240015509885
CVE_CADER,2.0,3422,22.114514669768646
CVE_CADER,3.0,2866,18.52139071991728
CVE_CADER,4.0,2025,13.086467623109732
CVE_CADER,[Ausente],981,6.339666537417604
CVE_CADER,5.0,767,4.956701563913661
CVE_CADER,6.0,594,3.8386971694455214
CVE_CADER,7.0,332,2.145534444875275
CVE_CADER,9.0,134,0.8659687217267675
CVE_CADER,8.0,105,0.6785575804575417
CVE_CADER,10.0,33,0.21326095385808455
CADER,[Ausente],981,6.339666537417604
CADER,Cuicatlán,437,2.824092025332816
CADER,Etla,312,2.016285381930981
CADER,Teotitlán de Flores Magón,311,2.009822928783766
CADER,Villa Alta,261,1.6867002714230324
CADER,Miahuatlán,255,1.6479255525397443
CADER,Huautla de Jiménez,249,1.609150833656456
CADER,Ixtlán,245,1.583301021067597
CADER,Ayutla/Mixe,241,1.5574512084787386
CADER,Tlaxiaco,231,1.4928266770065917
CADER,Tlatlauquitepec,212,1.3700400672095128
CADER,Mazamitla,210,1.3571151609150833
CADER,Huajuapan,205,1.32480289517901
CADER,San Cristóbal de Las Casas,193,1.2472534574124337
CADER,Atlixco,175,1.1309293007625696
CADER,Yautepec,158,1.0210675972599197
CADER,Oxkutzcab,155,1.0016802378182759
CADER,Ciudad Hidalgo,143,0.9241308000516997
CADER,Parangaricutiro,143,0.9241308000516997
CADER,Zitácuaro,140,0.9047434406100556
CADER,Cotija,138,0.8918185343156262
CADER,Tetela del Volcán/Yecapixtla,136,0.8788936280211969
CADER,San Blas,135,0.8724311748739823
CADER,Sayula,131,0.8465813622851235
CADER,Huatusco,122,0.7884192839601912
CADER,Quiroga,121,0.7819568308129765
CADER,Ziracuaretiro,121,0.7819568308129765
CADER,Tangancícuaro,118,0.7625694713713326
CADER,Ahuacatlán,118,0.7625694713713326
CADER,Tuxpan,117,0.7561070182241179
CADER,Atotonilco,117,0.7561070182241179
CADER,Taxco de Alarcón,116,0.7496445650769031
CADER,Sola de Vega,114,0.7367196587824738
CADER,Zongolica,114,0.7367196587824738
CADER,Chichihualco,109,0.7044073930464004
CADER,Zacoalco de Torres,107,0.6914824867519711
CADER,Morelia,105,0.6785575804575417
CADER,Tolimán,103,0.6656326741631123
CADER,Tuxtla Gutiérrez,97,0.6268579552798242
CADER,Temascaltepec,96,0.6203955021326095
CADER,Atlautla,96,0.6203955021326095
CADER,Celaya,94,0.6074705958381802
CADER,Reyes Los,94,0.6074705958381802
CADER,Villa Escalante,93,0.6010081426909655
CADER,Tlajomulco,93,0.6010081426909655
CADER,Huixtla,92,0.5945456895437508
CADER,Donato Guerra,89,0.5751583301021068
CADER,Petatlán,88,0.5686958769548921
CADER,Ometepec,88,0.5686958769548921
CADER,Tala,87,0.5622334238076774
CADER,Texmelucan,84,0.5428460643660333
CADER,Zacatlán,84,0.5428460643660333
CADER,Zimapán,83,0.5363836112188187
CADER,Quechultenango,80,0.5169962517771746
CADER,Tlacolula,80,0.5169962517771746
CADER,Tepexi de Rodríguez,77,0.4976088923355305
CADER,Perote,75,0.4846839860411012
CADER,Chilapa,74,0.4782215328938865
CADER,Altamirano/Oxchuc,73,0.47175907974667186
CADER,Guadalupe Victoria,73,0.47175907974667186
CADER,Comala,72,0.46529662659945714
CADER,Jocotepec,71,0.4588341734522425
CADER,Acanceh,71,0.4588341734522425
CADER,Silao/Guanajuato,70,0.4523717203050278
CADER,Queréndaro,70,0.4523717203050278
CADER,Teloloapan,70,0.4523717203050278
CADER,Juchipila,69,0.4459092671578131
CADER,Tzucacab,68,0.43944681401059843
CADER,Amatenango/Motozintla,68,0.43944681401059843
CADER,Álvaro Obregón,65,0.42005945456895444
CADER,Sabinas Hidalgo,63,0.40713454827452494
CADER,Umán,63,0.40713454827452494
CADER,Dzidzantún,63,0.40713454827452494
CADER,Chenalhó,62,0.4006720951273103
CADER,Peñita de Jaltemba/Las Varas,59,0.3812847356856663
CADER,Otzoloapan,59,0.3812847356856663
CADER,Galeana,58,0.37482228253845157
CADER,Hunucmá,58,0.37482228253845157
CADER,Sucilá,55,0.3554349230968075
CADER,Tenancingo,54,0.34897246994959286
CADER,Tecalitlán,53,0.3425100168023782
CADER,Tizimín,53,0.3425100168023782
CADER,Mixtlán,52,0.33604756365516353
CADER,San Lorenzo,52,0.33604756365516353
CADER,Tepehuanes,50,0.32312265736073414
CADER,Trinitaria,49,0.3166602042135194
CADER,Antonio Escobedo,49,0.3166602042135194
CADER,Tacámbaro,48,0.31019775106630476
CADER,Turicato,47,0.3037352979190901
CADER,Zacualtipán,47,0.3037352979190901
CADER,Tamazulapan,47,0.3037352979190901
CADER,Tlanchinol,47,0.3037352979190901
CADER,Tequisistlán,47,0.3037352979190901
CADER,Zamora,47,0.3037352979190901
CADER,Almoloya de Alquisiras,46,0.2972728447718754
CADER,Tesistán,46,0.2972728447718754
CADER,Malinalco,46,0.2972728447718754
CADER,Aramberri,46,0.2972728447718754
CADER,Zacapoaxtla,46,0.2972728447718754
CADER,Coatepec Harinas,46,0.2972728447718754
CADER,El Salto,46,0.2972728447718754
CADER,Ayutla,46,0.2972728447718754
CADER,Chapulhuacán,46,0.2972728447718754
CADER,Tecolotlán,46,0.2972728447718754
CADER,Molango,46,0.2972728447718754
CADER,Tekax,46,0.2972728447718754
CADER,Ocuilan,46,0.2972728447718754
CADER,Cocula,45,0.2908103916246607
CADER,Porvenir,45,0.2908103916246607
CADER,Valle de Bravo,45,0.2908103916246607
CADER,Villa Guerrero,45,0.2908103916246607
CADER,Castamay,45,0.2908103916246607
CADER,Mascota,44,0.28434793847744605
CADER,Villa de Allende,44,0.28434793847744605
CADER,Puerto Vallarta,43,0.2778854853302314
CADER,Tequila,43,0.2778854853302314
CADER,Acapulco,43,0.2778854853302314
CADER,Tapalpa,42,0.27142303218301667
CADER,Maravatío,41,0.264960579035802
CADER,Villa Nueva,41,0.264960579035802
CADER,Nochixtlán,39,0.2520356727413726
CADER,Santiago,38,0.24557321959415793
CADER,Montemorelos,37,0.23911076644694326
CADER,Unión de Tula,37,0.23911076644694326
CADER,Técpan de Galeana,36,0.23264831329972857
CADER,Santa María del Oro,36,0.23264831329972857
CADER,Amatepec,36,0.23264831329972857
CADER,Jalpa,35,0.2261858601525139
CADER,Ayotlán,34,0.21972340700529921
CADER,La Cañada Poblana,34,0.21972340700529921
CADER,Tixtla,33,0.21326095385808455
CADER,Tonatico,33,0.21326095385808455
CADER,Palos Altos,33,0.21326095385808455
CADER,Zacapu,32,0.20679850071086986
CADER,Arandas,32,0.20679850071086986
CADER,Abasolo,32,0.20679850071086986
CADER,Coquimatlán,32,0.20679850071086986
CADER,Muna,31,0.20033604756365514
CADER,Chimaltitán,31,0.20033604756365514
CADER,Texcaltitlán,31,0.20033604756365514
CADER,Coyuca de Benítez,31,0.20033604756365514
CADER,Acatlán,31,0.20033604756365514
CADER,Izamal,30,0.19387359441644048
CADER,Tamazula,30,0.19387359441644048
CADER,San Francisco del Rincón,29,0.18741114126922578
CADER,Sierra Negra,29,0.18741114126922578
CADER,Huejúcar,28,0.18094868812201112
CADER,Tepatitlán,28,0.18094868812201112
CADER,Salamanca,28,0.18094868812201112
CADER,Tenango del Valle,26,0.16802378182758176
CADER,Talpa de Allende,25,0.16156132868036707
CADER,Margaritas,25,0.16156132868036707
CADER,Culiacán,25,0.16156132868036707
CADER,Navolato,25,0.16156132868036707
CADER,Izúcar de Matamoros,25,0.16156132868036707
CADER,Santiago Papasquiaro,24,0.15509887553315238
CADER,Ixmiquilpan,24,0.15509887553315238
CADER,Totatiche,24,0.15509887553315238
CADER,Zacualpan,23,0.1486364223859377
CADER,San Juan de Abajo,23,0.1486364223859377
CADER,Comondú,23,0.1486364223859377
CADER,La Paz,23,0.1486364223859377
CADER,Hecelchakán,23,0.1486364223859377
CADER,San Miguel de Cruces,23,0.1486364223859377
CADER,Calvillo,23,0.1486364223859377
CADER,Ensenada,23,0.1486364223859377
CADER,San Quintín,23,0.1486364223859377
CADER,Ciudad del Sol/Champotón,23,0.1486364223859377
CADER,Tepecoacuilco,23,0.1486364223859377
CADER,Autlán,23,0.1486364223859377
CADER,San Luis Acatlán,23,0.1486364223859377
CADER,Concordia,23,0.1486364223859377
CADER,Ameca,23,0.1486364223859377
CADER,Centla,23,0.1486364223859377
CADER,Cunduacán,23,0.1486364223859377
CADER,Cadereyta Jiménez,23,0.1486364223859377
CADER,Cárdenas,23,0.1486364223859377
CADER,Amanalco,23,0.1486364223859377
CADER,Acapetahua,23,0.1486364223859377
CADER,Tenabo,23,0.1486364223859377
CADER,El Limón,23,0.1486364223859377
CADER,Apatzingán,23,0.1486364223859377
CADER,Metztitlán,23,0.1486364223859377
CADER,Huichapan,23,0.1486364223859377
CADER,Cadereyta,23,0.1486364223859377
CADER,Etchojoa,23,0.1486364223859377
CADER,Sultepec,23,0.1486364223859377
CADER,Tejupilco,23,0.1486364223859377
CADER,Chilcuautla,23,0.1486364223859377
CADER,San Joaquín,23,0.1486364223859377
CADER,Ocotlán,23,0.1486364223859377
CADER,Huatabampo,22,0.14217396923872302
CADER,La Unión,22,0.14217396923872302
CADER,Navojoa,22,0.14217396923872302
CADER,Coatepec,22,0.14217396923872302
CADER,Aguililla,22,0.14217396923872302
CADER,Vista Hermosa,21,0.13571151609150833
CADER,La Huerta,20,0.12924906294429364
CADER,Casimiro Castillo,20,0.12924906294429364
CADER,Cedral,20,0.12924906294429364
CADER,Nochistlán,20,0.12924906294429364
CADER,San Bartolo Tutotepec,20,0.12924906294429364
CADER,Venustiano Carranza,20,0.12924906294429364
CADER,Luvianos,20,0.12924906294429364
CADER,Villa de Guadalupe,19,0.12278660979707896
CADER,Villa de Reyes,19,0.12278660979707896
CADER,Apodaca,19,0.12278660979707896
CADER,Calkiní,18,0.11632415664986429
CADER,Cuitzeo,18,0.11632415664986429
CADER,Jiquilpan,18,0.11632415664986429
CADER,La Barca,18,0.11632415664986429
CADER,Alcozauca,18,0.11632415664986429
CADER,Cuernavaca,17,0.10986170350264961
CADER,Paracho,16,0.10339925035543493
CADER,San Miguel de Allende,15,0.09693679720822024
CADER,San Gregorio,15,0.09693679720822024
CADER,Leon,15,0.09693679720822024
CADER,Cuautla,15,0.09693679720822024
CADER,Yahualica,14,0.09047434406100556
CADER,Jaumave,14,0.09047434406100556
CADER,Tepexco,14,0.09047434406100556
CADER,Coyuca de Catalán,13,0.08401189091379088
CADER,Zapotlanejo,13,0.08401189091379088
CADER,Cuatro Caminos,13,0.08401189091379088
CADER,Coalcomán,13,0.08401189091379088
CADER,Martínez de La Torre,13,0.08401189091379088
CADER,Jerécuaro,12,0.07754943776657619
CADER,Espita,12,0.07754943776657619
CADER,Tulancingo,12,0.07754943776657619
CADER,Angostura,12,0.07754943776657619
CADER,Alpuyeca,12,0.07754943776657619
CADER,Tzitzio,12,0.07754943776657619
CADER,Sotuta,11,0.07108698461936151
CADER,El Refugio,11,0.07108698461936151
CADER,Villa Corregidora,11,0.07108698461936151
CADER,Bacalar,11,0.07108698461936151
CADER,González,11,0.07108698461936151
CADER,Zacatelco,11,0.07108698461936151
CADER,Sixto Verduzco,11,0.07108698461936151
CADER,Ahome,11,0.07108698461936151
CADER,Ocampo,10,0.06462453147214682
CADER,Tenosique,10,0.06462453147214682
CADER,Tamazunchale,10,0.06462453147214682
CADER,Carácuaro,10,0.06462453147214682
CADER,Huejuquilla,10,0.06462453147214682
CADER,Jonuta,10,0.06462453147214682
CADER,Balancán,10,0.06462453147214682
CADER,Emiliano Zapata,10,0.06462453147214682
CADER,Tuzantla,10,0.06462453147214682
CADER,Aquila,10,0.06462453147214682
CADER,Huimanguillo,9,0.05816207832493214
CADER,Gabriel Zamora,9,0.05816207832493214
CADER,Vizcaíno,9,0.05816207832493214
CADER,Tepalcatepec,9,0.05816207832493214
CADER,Chinicuila,9,0.05816207832493214
CADER,Tabasco,8,0.051699625177717465
CADER,La Trinidad,8,0.051699625177717465
CADER,Pinal de Amoles,8,0.051699625177717465
CADER,Purísima de Arista,8,0.051699625177717465
CADER,Tizate,8,0.051699625177717465
CADER,Tepeaca,8,0.051699625177717465
CADER,Xicotepec de Juárez,8,0.051699625177717465
CADER,Tijuana,7,0.04523717203050278
CADER,Pénjamo,7,0.04523717203050278
CADER,Carbó,7,0.04523717203050278
CADER,Juchitepec,7,0.04523717203050278
CADER,Irapuato,7,0.04523717203050278
CADER,Jilotlán,6,0.038774718883288095
CADER,Pueblo Yaqui,6,0.038774718883288095
CADER,Bácum,6,0.038774718883288095
CADER,Acámbaro,6,0.038774718883288095
CADER,Coyotitán,6,0.038774718883288095
CADER,Los Mochis,5,0.03231226573607341
CADER,Chichimilá,5,0.03231226573607341
CADER,Armería,5,0.03231226573607341
CADER,Ocoroni,5,0.03231226573607341
CADER,Higueras de Zar,5,0.03231226573607341
CADER,Llera,5,0.03231226573607341
CADER,Guadalupe Y Calvo,4,0.025849812588858732
CADER,Guachochi,4,0.025849812588858732
CADER,Eldorado,4,0.025849812588858732
CADER,Suchiate,3,0.019387359441644048
CADER,Jalpa de Méndez,3,0.019387359441644048
CADER,Nicolás Romero,3,0.019387359441644048
CADER,Bacubirito,3,0.019387359441644048
CADER,Atoyac,2,0.012924906294429366
CADER,El Burrión,2,0.012924906294429366
CADER,Culiacán Altos,2,0.012924906294429366
CADER,Kantunilkín,2,0.012924906294429366
CADER,Numarán,2,0.012924906294429366
CADER,El Tamarindo,2,0.012924906294429366
CADER,Valle Santiago,2,0.012924906294429366
CADER,Villa Lázaro Cárdenas,2,0.012924906294429366
CADER,Amecameca,1,0.006462453147214683
CADER,Choix,1,0.006462453147214683
CADER,El Fuerte,1,0.006462453147214683
CVE_CICLO,3,15474,100.0
CICLE,Perennes,15474,100.0
CVE_MODALIDAD,1,7810,50.47175907974667
CVE_MODALIDAD,2,7664,49.52824092025333
MODALIDAD,Riego,7810,50.47175907974667
MODALIDAD,Temporal,7664,49.52824092025333
CVE_UNIDAD,200201,15474,100.0
UNIDAD_MEDIDA,Tonelada,15474,100.0
CVE_CULTIVO,5060000,15474,100.0
CULTIVO,Aguacate,15474,100.0
