AÑO,registros,municipio_ausente,rendimiento_ausente,precio_ausente,filas_clave_ambigua,produccion_t
1980,37,37,0,0,0,434259.0
1981,39,39,0,0,0,459212.0
1982,41,41,0,0,0,484137.0
1983,41,41,0,0,0,425139.0
1984,41,41,0,0,0,430744.0
1985,39,39,0,0,0,565309.0
1986,42,42,0,0,0,627819.0
1987,44,44,0,0,0,520162.0
1988,44,44,0,0,0,682861.0
1989,44,44,0,0,0,470196.0
1990,44,44,0,0,0,680568.0
1991,44,44,0,0,0,778521.0
1992,44,44,0,0,0,724365.0
1993,44,44,0,0,0,702912.0
1994,44,44,0,0,0,799827.0
1995,44,44,0,0,0,790030.0
1996,44,44,0,0,0,837699.0
1997,44,44,0,0,0,762336.0
1998,42,42,0,0,0,876623.36
1999,43,43,0,0,0,878855.79
2000,44,44,0,0,0,907308.52
2001,43,43,0,0,0,940229.4299999999
2002,45,45,0,0,0,901074.52
2003,480,0,0,0,0,905041.15
2004,482,0,0,0,0,987323.34
2005,480,0,0,0,0,1021515.4600000001
2006,492,0,0,0,0,1134249.59
2007,504,0,0,0,0,1142892.42
2008,510,0,0,0,0,1162428.92
2009,537,0,0,0,0,1230972.61
2010,537,0,0,0,0,1107135.16
2011,573,0,0,0,0,1264141.46
2012,581,0,0,0,0,1316104.02
2013,619,0,0,0,0,1467837.35
2014,625,0,0,0,0,1520694.5
2015,640,0,0,0,0,1644225.86
2016,663,0,0,0,0,1889353.51
2017,683,0,0,0,0,2029885.85
2018,709,0,0,0,0,2184663.13
2019,729,0,0,0,0,2300888.9
2020,730,0,0,0,0,2393848.57
2021,736,0,0,0,0,2442944.64
2022,750,0,0,0,0,2540715.37
2023,759,0,0,0,0,2973344.42
2024,900,0,17,17,263,2761327.85
2025,774,0,16,16,0,2792481.05
