AÑO,sin_cosecha,filas,rendimiento_ausente,precio_ausente
2003,False,452,0,0
2003,True,28,0,0
2004,False,458,0,0
2004,True,24,0,0
2005,False,455,0,0
2005,True,25,0,0
2006,False,463,0,0
2006,True,29,0,0
2007,False,469,0,0
2007,True,35,0,0
2008,False,475,0,0
2008,True,35,0,0
2009,False,488,0,0
2009,True,49,0,0
2010,False,494,0,0
2010,True,43,0,0
2011,False,508,0,0
2011,True,65,0,0
2012,False,505,0,0
2012,True,76,0,0
2013,False,527,0,0
2013,True,92,0,0
2014,False,554,0,0
2014,True,71,0,0
2015,False,585,0,0
2015,True,55,0,0
2016,False,601,0,0
2016,True,62,0,0
2017,False,633,0,0
2017,True,50,0,0
2018,False,653,0,0
2018,True,56,0,0
2019,False,680,0,0
2019,True,49,0,0
2020,False,690,0,0
2020,True,40,0,0
2021,False,696,0,0
2021,True,40,0,0
2022,False,719,0,0
2022,True,31,0,0
2023,False,743,0,0
2023,True,16,0,0
2025,False,758,0,0
2025,True,16,16,16
