variable,categoria,n,pct
ENTIDAD,Oaxaca,180,27.480916030534353
ENTIDAD,Jalisco,78,11.908396946564885
ENTIDAD,Michoacán,68,10.381679389312977
ENTIDAD,Puebla,49,7.480916030534352
ENTIDAD,Chiapas,38,5.801526717557252
ENTIDAD,Guerrero,34,5.190839694656488
ENTIDAD,Estado de México,32,4.885496183206107
ENTIDAD,Hidalgo,23,3.5114503816793894
ENTIDAD,Guanajuato,19,2.900763358778626
ENTIDAD,Veracruz,19,2.900763358778626
ENTIDAD,Yucatán,17,2.595419847328244
ENTIDAD,Morelos,14,2.1374045801526718
ENTIDAD,Nayarit,13,1.984732824427481
ENTIDAD,Nuevo León,9,1.3740458015267176
ENTIDAD,Zacatecas,8,1.2213740458015268
ENTIDAD,Sonora,6,0.9160305343511451
ENTIDAD,Querétaro,6,0.9160305343511451
ENTIDAD,Sinaloa,6,0.9160305343511451
ENTIDAD,Colima,6,0.9160305343511451
ENTIDAD,Durango,6,0.9160305343511451
ENTIDAD,Campeche,5,0.7633587786259541
ENTIDAD,San Luis Potosí,5,0.7633587786259541
ENTIDAD,Baja California Sur,4,0.6106870229007634
ENTIDAD,Tabasco,3,0.45801526717557256
ENTIDAD,Chihuahua,2,0.3053435114503817
ENTIDAD,Aguascalientes,1,0.15267175572519084
ENTIDAD,Baja California,1,0.15267175572519084
ENTIDAD,Quintana Roo,1,0.15267175572519084
ENTIDAD,Tamaulipas,1,0.15267175572519084
ENTIDAD,Tlaxcala,1,0.15267175572519084
MUNICIPIO,Tuxpan,2,0.3053435114503817
MUNICIPIO,Hueyapan,2,0.3053435114503817
MUNICIPIO,Tolimán,2,0.3053435114503817
MUNICIPIO,Los Reyes,2,0.3053435114503817
MUNICIPIO,Cocula,2,0.3053435114503817
MUNICIPIO,San Miguel Peras,1,0.15267175572519084
MUNICIPIO,San Miguel Santa Flor,1,0.15267175572519084
MUNICIPIO,Villa Sola de Vega,1,0.15267175572519084
MUNICIPIO,San Miguel Suchixtepec,1,0.15267175572519084
MUNICIPIO,Villa Talea de Castro,1,0.15267175572519084
MUNICIPIO,San Pablo Coatlán,1,0.15267175572519084
MUNICIPIO,San Pablo Etla,1,0.15267175572519084
MUNICIPIO,San Pablo Huitzo,1,0.15267175572519084
MUNICIPIO,San Pablo Huixtepec,1,0.15267175572519084
MUNICIPIO,San Pablo Yaganiza,1,0.15267175572519084
MUNICIPIO,San Pedro Apóstol,1,0.15267175572519084
MUNICIPIO,San Pedro Jaltepetongo,1,0.15267175572519084
MUNICIPIO,San Pedro Mártir Yucuxaco,1,0.15267175572519084
MUNICIPIO,San Pedro Molinos,1,0.15267175572519084
MUNICIPIO,San Pedro Ocopetatillo,1,0.15267175572519084
MUNICIPIO,San Pedro Ocotepec,1,0.15267175572519084
MUNICIPIO,San Miguel Quetzaltepec,1,0.15267175572519084
MUNICIPIO,San Juan Tepeuxila,1,0.15267175572519084
MUNICIPIO,San Juan Yaeé,1,0.15267175572519084
MUNICIPIO,San Lorenzo Cuaunecuiltitla,1,0.15267175572519084
MUNICIPIO,San Lorenzo Texmelúcan,1,0.15267175572519084
MUNICIPIO,San Lucas Quiaviní,1,0.15267175572519084
MUNICIPIO,San Lucas Zoquiápam,1,0.15267175572519084
MUNICIPIO,San Luis Amatlán,1,0.15267175572519084
MUNICIPIO,San Marcial Ozolotepec,1,0.15267175572519084
MUNICIPIO,San Martín Huamelúlpam,1,0.15267175572519084
MUNICIPIO,San Miguel Mixtepec,1,0.15267175572519084
MUNICIPIO,San Martín Toxpalan,1,0.15267175572519084
MUNICIPIO,San Mateo Cajonos,1,0.15267175572519084
MUNICIPIO,San Mateo Yoloxochitlán,1,0.15267175572519084
MUNICIPIO,San Mateo Peñasco,1,0.15267175572519084
MUNICIPIO,San Mateo Río Hondo,1,0.15267175572519084
MUNICIPIO,San Mateo Sindihui,1,0.15267175572519084
MUNICIPIO,San Miguel Achiutla,1,0.15267175572519084
MUNICIPIO,San Miguel Aloápam,1,0.15267175572519084
MUNICIPIO,San Miguel Coatlán,1,0.15267175572519084
MUNICIPIO,San Pedro Quiatoni,1,0.15267175572519084
MUNICIPIO,San Martín Peras,1,0.15267175572519084
MUNICIPIO,Santa Cruz Zenzontepec,1,0.15267175572519084
MUNICIPIO,Santa Inés del Monte,1,0.15267175572519084
MUNICIPIO,Santa Lucía Miahuatlán,1,0.15267175572519084
MUNICIPIO,Santa Lucía Monteverde,1,0.15267175572519084
MUNICIPIO,Santa María Alotepec,1,0.15267175572519084
MUNICIPIO,Heroica Ciudad de Tlaxiaco,1,0.15267175572519084
MUNICIPIO,Santa María Camotlán,1,0.15267175572519084
MUNICIPIO,Villa de Chilapa de Díaz,1,0.15267175572519084
MUNICIPIO,Santa María Ecatepec,1,0.15267175572519084
MUNICIPIO,San Pedro Sochiápam,1,0.15267175572519084
MUNICIPIO,Santa María Ozolotepec,1,0.15267175572519084
MUNICIPIO,Santa María Pápalo,1,0.15267175572519084
MUNICIPIO,Santa María Quiegolani,1,0.15267175572519084
MUNICIPIO,Santa María Tataltepec,1,0.15267175572519084
MUNICIPIO,Santa María Tecomavaca,1,0.15267175572519084
MUNICIPIO,Santa María Temaxcalapa,1,0.15267175572519084
MUNICIPIO,Santa María Teopoxco,1,0.15267175572519084
MUNICIPIO,Santa María Tepantlali,1,0.15267175572519084
MUNICIPIO,Santa María Texcatitlán,1,0.15267175572519084
MUNICIPIO,Santa María Ixcatlán,1,0.15267175572519084
MUNICIPIO,San Juan Tabaá,1,0.15267175572519084
MUNICIPIO,San Pedro Teozacoalco,1,0.15267175572519084
MUNICIPIO,San Pedro Teutila,1,0.15267175572519084
MUNICIPIO,San Pedro Yaneri,1,0.15267175572519084
MUNICIPIO,San Pedro Yólox,1,0.15267175572519084
MUNICIPIO,San Pedro Y San Pablo Ayutla,1,0.15267175572519084
MUNICIPIO,San Sebastián Río Hondo,1,0.15267175572519084
MUNICIPIO,San Simón Almolongas,1,0.15267175572519084
MUNICIPIO,Santa Ana,1,0.15267175572519084
MUNICIPIO,Santa Cruz Tayata,1,0.15267175572519084
MUNICIPIO,Santa Ana Cuauhtémoc,1,0.15267175572519084
MUNICIPIO,Santa Ana Yareni,1,0.15267175572519084
MUNICIPIO,Santa Catarina Cuixtla,1,0.15267175572519084
MUNICIPIO,Santa Catarina Ixtepeji,1,0.15267175572519084
MUNICIPIO,Santa Catarina Tayata,1,0.15267175572519084
MUNICIPIO,Santa Cruz Acatepec,1,0.15267175572519084
MUNICIPIO,Santa Cruz Itundujia,1,0.15267175572519084
MUNICIPIO,Santa Cruz Mixtepec,1,0.15267175572519084
MUNICIPIO,Santa Cruz Nundaco,1,0.15267175572519084
MUNICIPIO,Santa Ana Ateixtlahuaca,1,0.15267175572519084
MUNICIPIO,Sabinas Hidalgo,1,0.15267175572519084
MUNICIPIO,Santa Catarina,1,0.15267175572519084
MUNICIPIO,Villaldama,1,0.15267175572519084
MUNICIPIO,Abejones,1,0.15267175572519084
MUNICIPIO,Asunción Cacalotepec,1,0.15267175572519084
MUNICIPIO,Asunción Cuyotepeji,1,0.15267175572519084
MUNICIPIO,Concepción Pápalo,1,0.15267175572519084
MUNICIPIO,Cuilápam de Guerrero,1,0.15267175572519084
MUNICIPIO,Cuyamecalco Villa de Zaragoza,1,0.15267175572519084
MUNICIPIO,San Juan Quiotepec,1,0.15267175572519084
MUNICIPIO,Heroica Ciudad de Ejutla de Crespo,1,0.15267175572519084
MUNICIPIO,Eloxochitlán de Flores Magón,1,0.15267175572519084
MUNICIPIO,Tamazulápam del Espíritu Santo,1,0.15267175572519084
MUNICIPIO,Villa Hidalgo Yalálag,1,0.15267175572519084
MUNICIPIO,Heroica Ciudad de Huajuapan de León,1,0.15267175572519084
MUNICIPIO,Huautepec,1,0.15267175572519084
MUNICIPIO,Huautla de Jiménez,1,0.15267175572519084
MUNICIPIO,Ixtlán de Juárez,1,0.15267175572519084
MUNICIPIO,Magdalena Apasco,1,0.15267175572519084
MUNICIPIO,Chiquihuitlán de Benito Juárez,1,0.15267175572519084
MUNICIPIO,Zacualpan de Amilpas,1,0.15267175572519084
MUNICIPIO,Ahuacatlán,1,0.15267175572519084
MUNICIPIO,Amatlán de Cañas,1,0.15267175572519084
MUNICIPIO,Compostela,1,0.15267175572519084
MUNICIPIO,Ixtlán del Río,1,0.15267175572519084
MUNICIPIO,Jala,1,0.15267175572519084
MUNICIPIO,Xalisco,1,0.15267175572519084
MUNICIPIO,Del Nayar,1,0.15267175572519084
MUNICIPIO,Ruíz,1,0.15267175572519084
MUNICIPIO,Rayones,1,0.15267175572519084
MUNICIPIO,San Pedro Lagunillas,1,0.15267175572519084
MUNICIPIO,Santa María del Oro,1,0.15267175572519084
MUNICIPIO,Tepic,1,0.15267175572519084
MUNICIPIO,Bahía de Banderas,1,0.15267175572519084
MUNICIPIO,Aramberri,1,0.15267175572519084
MUNICIPIO,Bustamante,1,0.15267175572519084
MUNICIPIO,Cadereyta Jiménez,1,0.15267175572519084
MUNICIPIO,Galeana,1,0.15267175572519084
MUNICIPIO,General Zaragoza,1,0.15267175572519084
MUNICIPIO,San Blas,1,0.15267175572519084
MUNICIPIO,San Francisco Ozolotepec,1,0.15267175572519084
MUNICIPIO,San Francisco Sola,1,0.15267175572519084
MUNICIPIO,San Ildefonso Amatlán,1,0.15267175572519084
MUNICIPIO,San Ildefonso Villa Alta,1,0.15267175572519084
MUNICIPIO,San Jerónimo Tecóatl,1,0.15267175572519084
MUNICIPIO,San José Tenango,1,0.15267175572519084
MUNICIPIO,San Juan Achiutla,1,0.15267175572519084
MUNICIPIO,San Juan Atepec,1,0.15267175572519084
MUNICIPIO,Ánimas Trujano,1,0.15267175572519084
MUNICIPIO,Magdalena Mixtepec,1,0.15267175572519084
MUNICIPIO,San Juan Coatzóspam,1,0.15267175572519084
MUNICIPIO,San Juan Chicomezúchil,1,0.15267175572519084
MUNICIPIO,San Juan del Estado,1,0.15267175572519084
MUNICIPIO,San Juan Juquila Mixes,1,0.15267175572519084
MUNICIPIO,San Juan de Los Cués,1,0.15267175572519084
MUNICIPIO,San Juan Mixtepec,1,0.15267175572519084
MUNICIPIO,San Juan Ñumí,1,0.15267175572519084
MUNICIPIO,San Juan Ozolotepec,1,0.15267175572519084
MUNICIPIO,Yecapixtla,1,0.15267175572519084
MUNICIPIO,San Juan Bautista Cuicatlán,1,0.15267175572519084
MUNICIPIO,Magdalena Peñasco,1,0.15267175572519084
MUNICIPIO,Mazatlán Villa de Flores,1,0.15267175572519084
MUNICIPIO,Miahuatlán de Porfirio Díaz,1,0.15267175572519084
MUNICIPIO,Mixistlán de La Reforma,1,0.15267175572519084
MUNICIPIO,Putla Villa de Guerrero,1,0.15267175572519084
MUNICIPIO,San Agustín Etla,1,0.15267175572519084
MUNICIPIO,San Agustín Tlacotepec,1,0.15267175572519084
MUNICIPIO,San Andrés Cabecera Nueva,1,0.15267175572519084
MUNICIPIO,San Andrés Dinicuiti,1,0.15267175572519084
MUNICIPIO,San Francisco Huehuetlán,1,0.15267175572519084
MUNICIPIO,San Antonino El Alto,1,0.15267175572519084
MUNICIPIO,San Antonio Huitepec,1,0.15267175572519084
MUNICIPIO,San Antonio Sinicahua,1,0.15267175572519084
MUNICIPIO,San Bartolomé Yucuañe,1,0.15267175572519084
MUNICIPIO,San Bernardo Mixtepec,1,0.15267175572519084
MUNICIPIO,San Cristóbal Amoltepec,1,0.15267175572519084
MUNICIPIO,San Cristóbal Lachirioag,1,0.15267175572519084
MUNICIPIO,San Francisco Cahuacuá,1,0.15267175572519084
MUNICIPIO,San Francisco Cajonos,1,0.15267175572519084
MUNICIPIO,San Francisco Chapulapa,1,0.15267175572519084
MUNICIPIO,San Andrés Teotilálpam,1,0.15267175572519084
MUNICIPIO,Xilitla,1,0.15267175572519084
MUNICIPIO,Ahome,1,0.15267175572519084
MUNICIPIO,Angostura,1,0.15267175572519084
MUNICIPIO,Concordia,1,0.15267175572519084
MUNICIPIO,Hecelchakán,1,0.15267175572519084
MUNICIPIO,San Ignacio,1,0.15267175572519084
MUNICIPIO,Navolato,1,0.15267175572519084
MUNICIPIO,Bácum,1,0.15267175572519084
MUNICIPIO,Etchojoa,1,0.15267175572519084
MUNICIPIO,Santa María Tlahuitoltepec,1,0.15267175572519084
MUNICIPIO,Huatabampo,1,0.15267175572519084
MUNICIPIO,Navojoa,1,0.15267175572519084
MUNICIPIO,San Ignacio Río Muerto,1,0.15267175572519084
MUNICIPIO,Cárdenas,1,0.15267175572519084
MUNICIPIO,Centla,1,0.15267175572519084
MUNICIPIO,Cunduacán,1,0.15267175572519084
MUNICIPIO,Jaumave,1,0.15267175572519084
MUNICIPIO,Tepeyanco,1,0.15267175572519084
MUNICIPIO,Alpatláhuac,1,0.15267175572519084
MUNICIPIO,Hermosillo,1,0.15267175572519084
MUNICIPIO,Vicente Guerrero,1,0.15267175572519084
MUNICIPIO,Xiutetelco,1,0.15267175572519084
MUNICIPIO,Xochiapulco,1,0.15267175572519084
MUNICIPIO,Yaonáhuac,1,0.15267175572519084
MUNICIPIO,Zacapala,1,0.15267175572519084
MUNICIPIO,Zacapoaxtla,1,0.15267175572519084
MUNICIPIO,Zacatlán,1,0.15267175572519084
MUNICIPIO,Zapotitlán,1,0.15267175572519084
MUNICIPIO,Zautla,1,0.15267175572519084
MUNICIPIO,Villa de La Paz,1,0.15267175572519084
MUNICIPIO,Pinal de Amoles,1,0.15267175572519084
MUNICIPIO,Cadereyta de Montes,1,0.15267175572519084
MUNICIPIO,Jalpan de Serra,1,0.15267175572519084
MUNICIPIO,Peñamiller,1,0.15267175572519084
MUNICIPIO,San Joaquín,1,0.15267175572519084
MUNICIPIO,Lázaro Cárdenas,1,0.15267175572519084
MUNICIPIO,Catorce,1,0.15267175572519084
MUNICIPIO,Ciudad Fernández,1,0.15267175572519084
MUNICIPIO,Villa de Guadalupe,1,0.15267175572519084
MUNICIPIO,Zoquitlán,1,0.15267175572519084
MUNICIPIO,Mérida,1,0.15267175572519084
MUNICIPIO,Muna,1,0.15267175572519084
MUNICIPIO,Oxkutzcab,1,0.15267175572519084
MUNICIPIO,Sacalum,1,0.15267175572519084
MUNICIPIO,Santa Elena,1,0.15267175572519084
MUNICIPIO,Sucilá,1,0.15267175572519084
MUNICIPIO,Tekax,1,0.15267175572519084
MUNICIPIO,Tetiz,1,0.15267175572519084
MUNICIPIO,Ticul,1,0.15267175572519084
MUNICIPIO,Altotonga,1,0.15267175572519084
MUNICIPIO,Tzucacab,1,0.15267175572519084
MUNICIPIO,Umán,1,0.15267175572519084
MUNICIPIO,Apozol,1,0.15267175572519084
MUNICIPIO,Jalpa,1,0.15267175572519084
MUNICIPIO,Jerez,1,0.15267175572519084
MUNICIPIO,Juchipila,1,0.15267175572519084
MUNICIPIO,Mezquital del Oro,1,0.15267175572519084
MUNICIPIO,Moyahua de Estrada,1,0.15267175572519084
MUNICIPIO,Nochistlán de Mejía,1,0.15267175572519084
MUNICIPIO,Tizimín,1,0.15267175572519084
MUNICIPIO,Atzalan,1,0.15267175572519084
MUNICIPIO,Tlaltetela,1,0.15267175572519084
MUNICIPIO,Ayahualulco,1,0.15267175572519084
MUNICIPIO,Calcahualco,1,0.15267175572519084
MUNICIPIO,Coscomatepec,1,0.15267175572519084
MUNICIPIO,Huatusco,1,0.15267175572519084
MUNICIPIO,Ixhuacán de Los Reyes,1,0.15267175572519084
MUNICIPIO,Ixhuatlán del Café,1,0.15267175572519084
MUNICIPIO,San Cristóbal de Las Casas,1,0.15267175572519084
MUNICIPIO,Maní,1,0.15267175572519084
MUNICIPIO,Las Minas,1,0.15267175572519084
MUNICIPIO,Tehuipango,1,0.15267175572519084
MUNICIPIO,Texhuacán,1,0.15267175572519084
MUNICIPIO,Tlaquilpa,1,0.15267175572519084
MUNICIPIO,Tomatlán,1,0.15267175572519084
MUNICIPIO,Zongolica,1,0.15267175572519084
MUNICIPIO,Mocorito,1,0.15267175572519084
MUNICIPIO,Cantamayec,1,0.15267175572519084
MUNICIPIO,Dzán,1,0.15267175572519084
MUNICIPIO,Hunucmá,1,0.15267175572519084
MUNICIPIO,Xico,1,0.15267175572519084
MUNICIPIO,Santiago Yosondúa,1,0.15267175572519084
MUNICIPIO,Santiago Yucuyachi,1,0.15267175572519084
MUNICIPIO,Santiago Zacatepec,1,0.15267175572519084
MUNICIPIO,Nuevo Zoquiápam,1,0.15267175572519084
MUNICIPIO,Santo Domingo Ixcatlán,1,0.15267175572519084
MUNICIPIO,Santo Domingo Ozolotepec,1,0.15267175572519084
MUNICIPIO,Santo Domingo Teojomulco,1,0.15267175572519084
MUNICIPIO,Santo Domingo Tepuxtepec,1,0.15267175572519084
MUNICIPIO,Santo Domingo Tonalá,1,0.15267175572519084
MUNICIPIO,Venustiano Carranza,1,0.15267175572519084
MUNICIPIO,Santos Reyes Pápalo,1,0.15267175572519084
MUNICIPIO,Santo Tomás Tamazulapan,1,0.15267175572519084
MUNICIPIO,Silacayoápam,1,0.15267175572519084
MUNICIPIO,Villa de Tamazulápam del Progreso,1,0.15267175572519084
MUNICIPIO,Tanetze de Zaragoza,1,0.15267175572519084
MUNICIPIO,Teococuilco de Marcos Pérez,1,0.15267175572519084
MUNICIPIO,Teotitlán de Flores Magón,1,0.15267175572519084
MUNICIPIO,"H. V. Tezoatlán de Segura y Luna, C. de la I.de O.",1,0.15267175572519084
MUNICIPIO,Totontepec Villa de Morelos,1,0.15267175572519084
MUNICIPIO,Santo Domingo Xagacía,1,0.15267175572519084
MUNICIPIO,Santa María Tlalixtac,1,0.15267175572519084
MUNICIPIO,Santa María Yosoyúa,1,0.15267175572519084
MUNICIPIO,Santa María Yucuhiti,1,0.15267175572519084
MUNICIPIO,Santa María Zaniza,1,0.15267175572519084
MUNICIPIO,Santiago Apoala,1,0.15267175572519084
MUNICIPIO,Santiago Atitlán,1,0.15267175572519084
MUNICIPIO,Santiago Camotlán,1,0.15267175572519084
MUNICIPIO,Santiago Comaltepec,1,0.15267175572519084
MUNICIPIO,Santiago Huajolotitlán,1,0.15267175572519084
MUNICIPIO,Santiago Xiacuí,1,0.15267175572519084
MUNICIPIO,Santiago Laxopa,1,0.15267175572519084
MUNICIPIO,Santiago Matatlán,1,0.15267175572519084
MUNICIPIO,Santiago Miltepec,1,0.15267175572519084
MUNICIPIO,Santiago Minas,1,0.15267175572519084
MUNICIPIO,Santiago Nacaltepec,1,0.15267175572519084
MUNICIPIO,Santiago Suchilquitongo,1,0.15267175572519084
MUNICIPIO,Santiago Tenango,1,0.15267175572519084
MUNICIPIO,Santiago Texcalcingo,1,0.15267175572519084
MUNICIPIO,Santiago Textitlán,1,0.15267175572519084
MUNICIPIO,Santiago Xanica,1,0.15267175572519084
MUNICIPIO,Santiago Juxtlahuaca,1,0.15267175572519084
MUNICIPIO,Huejotzingo,1,0.15267175572519084
MUNICIPIO,Izúcar de Matamoros,1,0.15267175572519084
MUNICIPIO,Jalpan,1,0.15267175572519084
MUNICIPIO,Molcaxac,1,0.15267175572519084
MUNICIPIO,Nealtican,1,0.15267175572519084
MUNICIPIO,Petlalcingo,1,0.15267175572519084
MUNICIPIO,Quimixtlán,1,0.15267175572519084
MUNICIPIO,San Andrés Cholula,1,0.15267175572519084
MUNICIPIO,San Jerónimo Tecuanipan,1,0.15267175572519084
MUNICIPIO,Trinidad Zaachila,1,0.15267175572519084
MUNICIPIO,Tehuacán,1,0.15267175572519084
MUNICIPIO,Tepeaca,1,0.15267175572519084
MUNICIPIO,Tepexi de Rodríguez,1,0.15267175572519084
MUNICIPIO,Tetela de Ocampo,1,0.15267175572519084
MUNICIPIO,Teteles de Avila Castillo,1,0.15267175572519084
MUNICIPIO,Teziutlán,1,0.15267175572519084
MUNICIPIO,Tianguismanalco,1,0.15267175572519084
MUNICIPIO,Tlatlauquitepec,1,0.15267175572519084
MUNICIPIO,Tochimilco,1,0.15267175572519084
MUNICIPIO,Santa Isabel Cholula,1,0.15267175572519084
MUNICIPIO,Villa Díaz Ordaz,1,0.15267175572519084
MUNICIPIO,Yutanduchi de Guerrero,1,0.15267175572519084
MUNICIPIO,Villa de Zaachila,1,0.15267175572519084
MUNICIPIO,Ajalpan,1,0.15267175572519084
MUNICIPIO,Aquixtla,1,0.15267175572519084
MUNICIPIO,Atempan,1,0.15267175572519084
MUNICIPIO,Atexcal,1,0.15267175572519084
MUNICIPIO,Atlixco,1,0.15267175572519084
MUNICIPIO,Calpan,1,0.15267175572519084
MUNICIPIO,Huaquechula,1,0.15267175572519084
MUNICIPIO,Cohuecan,1,0.15267175572519084
MUNICIPIO,Coxcatlán,1,0.15267175572519084
MUNICIPIO,Coyomeapan,1,0.15267175572519084
MUNICIPIO,Cuautempan,1,0.15267175572519084
MUNICIPIO,Chapulco,1,0.15267175572519084
MUNICIPIO,Chichiquila,1,0.15267175572519084
MUNICIPIO,Chietla,1,0.15267175572519084
MUNICIPIO,Chignautla,1,0.15267175572519084
MUNICIPIO,Chila,1,0.15267175572519084
MUNICIPIO,Chilchotla,1,0.15267175572519084
MUNICIPIO,Caltepec,1,0.15267175572519084
MUNICIPIO,Petatlán,1,0.15267175572519084
MUNICIPIO,Pilcaya,1,0.15267175572519084
MUNICIPIO,Quechultenango,1,0.15267175572519084
MUNICIPIO,San Luis Acatlán,1,0.15267175572519084
MUNICIPIO,Taxco de Alarcón,1,0.15267175572519084
MUNICIPIO,Tecoanapa,1,0.15267175572519084
MUNICIPIO,Técpan de Galeana,1,0.15267175572519084
MUNICIPIO,Teloloapan,1,0.15267175572519084
MUNICIPIO,Tetipac,1,0.15267175572519084
MUNICIPIO,Totolapan,1,0.15267175572519084
MUNICIPIO,Xochistlahuaca,1,0.15267175572519084
MUNICIPIO,Zitlala,1,0.15267175572519084
MUNICIPIO,Eduardo Neri,1,0.15267175572519084
MUNICIPIO,José Joaquín de Herrera,1,0.15267175572519084
MUNICIPIO,Acaxochitlán,1,0.15267175572519084
MUNICIPIO,Atotonilco El Grande,1,0.15267175572519084
MUNICIPIO,Calnali,1,0.15267175572519084
MUNICIPIO,Chilcuautla,1,0.15267175572519084
MUNICIPIO,Eloxochitlán,1,0.15267175572519084
MUNICIPIO,Tlacoachistlahuaca,1,0.15267175572519084
MUNICIPIO,Tarimoro,1,0.15267175572519084
MUNICIPIO,Acapulco de Juárez,1,0.15267175572519084
MUNICIPIO,Ahuacuotzingo,1,0.15267175572519084
MUNICIPIO,Alcozauca de Guerrero,1,0.15267175572519084
MUNICIPIO,Apaxtla,1,0.15267175572519084
MUNICIPIO,Atoyac de Álvarez,1,0.15267175572519084
MUNICIPIO,Ayutla de Los Libres,1,0.15267175572519084
MUNICIPIO,Buenavista de Cuéllar,1,0.15267175572519084
MUNICIPIO,Coahuayutla de José María Izazaga,1,0.15267175572519084
MUNICIPIO,Ometepec,1,0.15267175572519084
MUNICIPIO,Cuetzala del Progreso,1,0.15267175572519084
MUNICIPIO,Chilapa de Álvarez,1,0.15267175572519084
MUNICIPIO,Chilpancingo de Los Bravo,1,0.15267175572519084
MUNICIPIO,General Heliodoro Castillo,1,0.15267175572519084
MUNICIPIO,Igualapa,1,0.15267175572519084
MUNICIPIO,Ixcateopan de Cuauhtémoc,1,0.15267175572519084
MUNICIPIO,Zihuatanejo de Azueta,1,0.15267175572519084
MUNICIPIO,Leonardo Bravo,1,0.15267175572519084
MUNICIPIO,Mochitlán,1,0.15267175572519084
MUNICIPIO,Coyuca de Catalán,1,0.15267175572519084
MUNICIPIO,Amacueca,1,0.15267175572519084
MUNICIPIO,Ameca,1,0.15267175572519084
MUNICIPIO,San Juanito de Escobedo,1,0.15267175572519084
MUNICIPIO,Arandas,1,0.15267175572519084
MUNICIPIO,El Arenal,1,0.15267175572519084
MUNICIPIO,Atengo,1,0.15267175572519084
MUNICIPIO,Atenguillo,1,0.15267175572519084
MUNICIPIO,Atotonilco El Alto,1,0.15267175572519084
MUNICIPIO,Atoyac,1,0.15267175572519084
MUNICIPIO,Huasca de Ocampo,1,0.15267175572519084
MUNICIPIO,Ayotlán,1,0.15267175572519084
MUNICIPIO,Ayutla,1,0.15267175572519084
MUNICIPIO,La Barca,1,0.15267175572519084
MUNICIPIO,Cabo Corrientes,1,0.15267175572519084
MUNICIPIO,Zapotlán el Grande,1,0.15267175572519084
MUNICIPIO,Concepción de Buenos Aires,1,0.15267175572519084
MUNICIPIO,Cuautitlán de García Barragán,1,0.15267175572519084
MUNICIPIO,Chapala,1,0.15267175572519084
MUNICIPIO,Chiquilistlán,1,0.15267175572519084
MUNICIPIO,Autlán de Navarro,1,0.15267175572519084
MUNICIPIO,Ixmiquilpan,1,0.15267175572519084
MUNICIPIO,Jacala de Ledezma,1,0.15267175572519084
MUNICIPIO,Lolotla,1,0.15267175572519084
MUNICIPIO,San Agustín Metzquititlán,1,0.15267175572519084
MUNICIPIO,Metztitlán,1,0.15267175572519084
MUNICIPIO,Mineral del Chico,1,0.15267175572519084
MUNICIPIO,Nicolás Flores,1,0.15267175572519084
MUNICIPIO,Pacula,1,0.15267175572519084
MUNICIPIO,San Bartolo Tutotepec,1,0.15267175572519084
MUNICIPIO,Ahualulco de Mercado,1,0.15267175572519084
MUNICIPIO,Tenango de Doria,1,0.15267175572519084
MUNICIPIO,Tepehuacán de Guerrero,1,0.15267175572519084
MUNICIPIO,Tianguistengo,1,0.15267175572519084
MUNICIPIO,Tlahuiltepa,1,0.15267175572519084
MUNICIPIO,Tlanchinol,1,0.15267175572519084
MUNICIPIO,Zacualtipán de Ángeles,1,0.15267175572519084
MUNICIPIO,Zimapán,1,0.15267175572519084
MUNICIPIO,Acatic,1,0.15267175572519084
MUNICIPIO,Acatlán de Juárez,1,0.15267175572519084
MUNICIPIO,Tecozautla,1,0.15267175572519084
MUNICIPIO,Amatenango de La Frontera,1,0.15267175572519084
MUNICIPIO,Amatenango del Valle,1,0.15267175572519084
MUNICIPIO,Bejucal de Ocampo,1,0.15267175572519084
MUNICIPIO,Bella Vista,1,0.15267175572519084
MUNICIPIO,Comitán de Domínguez,1,0.15267175572519084
MUNICIPIO,Chamula,1,0.15267175572519084
MUNICIPIO,Chenalhó,1,0.15267175572519084
MUNICIPIO,Chiapilla,1,0.15267175572519084
MUNICIPIO,La Grandeza,1,0.15267175572519084
MUNICIPIO,Silao de La Victoria,1,0.15267175572519084
MUNICIPIO,Huixtán,1,0.15267175572519084
MUNICIPIO,Huixtla,1,0.15267175572519084
MUNICIPIO,La Independencia,1,0.15267175572519084
MUNICIPIO,Larráinzar,1,0.15267175572519084
MUNICIPIO,Las Margaritas,1,0.15267175572519084
MUNICIPIO,Mazapa de Madero,1,0.15267175572519084
MUNICIPIO,Motozintla,1,0.15267175572519084
MUNICIPIO,Oxchuc,1,0.15267175572519084
MUNICIPIO,Pantelhó,1,0.15267175572519084
MUNICIPIO,Huehuetán,1,0.15267175572519084
MUNICIPIO,Acacoyagua,1,0.15267175572519084
MUNICIPIO,Susticacán,1,0.15267175572519084
MUNICIPIO,Calvillo,1,0.15267175572519084
MUNICIPIO,Ensenada,1,0.15267175572519084
MUNICIPIO,Comondú,1,0.15267175572519084
MUNICIPIO,Mulegé,1,0.15267175572519084
MUNICIPIO,La Paz,1,0.15267175572519084
MUNICIPIO,Los Cabos,1,0.15267175572519084
MUNICIPIO,Campeche,1,0.15267175572519084
MUNICIPIO,Altamirano,1,0.15267175572519084
MUNICIPIO,Dzitbalché,1,0.15267175572519084
MUNICIPIO,Comala,1,0.15267175572519084
MUNICIPIO,Coquimatlán,1,0.15267175572519084
MUNICIPIO,Cuauhtémoc,1,0.15267175572519084
MUNICIPIO,Manzanillo,1,0.15267175572519084
MUNICIPIO,Minatitlán,1,0.15267175572519084
MUNICIPIO,Villa de Álvarez,1,0.15267175572519084
MUNICIPIO,Akil,1,0.15267175572519084
MUNICIPIO,Acala,1,0.15267175572519084
MUNICIPIO,Champotón,1,0.15267175572519084
MUNICIPIO,Tamazula,1,0.15267175572519084
MUNICIPIO,Topia,1,0.15267175572519084
MUNICIPIO,Abasolo,1,0.15267175572519084
MUNICIPIO,San Miguel de Allende,1,0.15267175572519084
MUNICIPIO,Apaseo El Alto,1,0.15267175572519084
MUNICIPIO,Apaseo El Grande,1,0.15267175572519084
MUNICIPIO,Celaya,1,0.15267175572519084
MUNICIPIO,Comonfort,1,0.15267175572519084
MUNICIPIO,Cuerámaro,1,0.15267175572519084
MUNICIPIO,Villa Comaltitlán,1,0.15267175572519084
MUNICIPIO,Huanímaro,1,0.15267175572519084
MUNICIPIO,Jerécuaro,1,0.15267175572519084
MUNICIPIO,León,1,0.15267175572519084
MUNICIPIO,Pénjamo,1,0.15267175572519084
MUNICIPIO,Purísima del Rincón,1,0.15267175572519084
MUNICIPIO,Romita,1,0.15267175572519084
MUNICIPIO,Salamanca,1,0.15267175572519084
MUNICIPIO,San Francisco del Rincón,1,0.15267175572519084
MUNICIPIO,Santa Cruz de Juventino Rosas,1,0.15267175572519084
MUNICIPIO,Guanajuato,1,0.15267175572519084
MUNICIPIO,Las Rosas,1,0.15267175572519084
MUNICIPIO,Tenabo,1,0.15267175572519084
MUNICIPIO,Siltepec,1,0.15267175572519084
MUNICIPIO,Tenejapa,1,0.15267175572519084
MUNICIPIO,Teopisca,1,0.15267175572519084
MUNICIPIO,Totolapa,1,0.15267175572519084
MUNICIPIO,La Trinitaria,1,0.15267175572519084
MUNICIPIO,Tuzantán,1,0.15267175572519084
MUNICIPIO,Tzimol,1,0.15267175572519084
MUNICIPIO,San Dimas,1,0.15267175572519084
MUNICIPIO,Zinacantán,1,0.15267175572519084
MUNICIPIO,San Juan Cancuc,1,0.15267175572519084
MUNICIPIO,Aldama,1,0.15267175572519084
MUNICIPIO,Santiago El Pinar,1,0.15267175572519084
MUNICIPIO,Emiliano Zapata,1,0.15267175572519084
MUNICIPIO,Guachochi,1,0.15267175572519084
MUNICIPIO,Guadalupe Y Calvo,1,0.15267175572519084
MUNICIPIO,Canelas,1,0.15267175572519084
MUNICIPIO,Otáez,1,0.15267175572519084
MUNICIPIO,Pueblo Nuevo,1,0.15267175572519084
MUNICIPIO,San Lucas,1,0.15267175572519084
MUNICIPIO,Irimbo,1,0.15267175572519084
MUNICIPIO,Jiménez,1,0.15267175572519084
MUNICIPIO,Jiquilpan,1,0.15267175572519084
MUNICIPIO,Juárez,1,0.15267175572519084
MUNICIPIO,Jungapeo,1,0.15267175572519084
MUNICIPIO,Lagunillas,1,0.15267175572519084
MUNICIPIO,Madero,1,0.15267175572519084
MUNICIPIO,Maravatío,1,0.15267175572519084
MUNICIPIO,Morelia,1,0.15267175572519084
MUNICIPIO,Degollado,1,0.15267175572519084
MUNICIPIO,Nocupétaro,1,0.15267175572519084
MUNICIPIO,Nuevo Parangaricutiro,1,0.15267175572519084
MUNICIPIO,Nuevo Urecho,1,0.15267175572519084
MUNICIPIO,Ocampo,1,0.15267175572519084
MUNICIPIO,Pajacuarán,1,0.15267175572519084
MUNICIPIO,Panindícuaro,1,0.15267175572519084
MUNICIPIO,Pátzcuaro,1,0.15267175572519084
MUNICIPIO,Penjamillo,1,0.15267175572519084
MUNICIPIO,Peribán,1,0.15267175572519084
MUNICIPIO,Morelos,1,0.15267175572519084
MUNICIPIO,Zacualpan,1,0.15267175572519084
MUNICIPIO,Zumpahuacán,1,0.15267175572519084
MUNICIPIO,Luvianos,1,0.15267175572519084
MUNICIPIO,Acuitzio,1,0.15267175572519084
MUNICIPIO,Aguililla,1,0.15267175572519084
MUNICIPIO,Apatzingán,1,0.15267175572519084
MUNICIPIO,Aquila,1,0.15267175572519084
MUNICIPIO,Ario,1,0.15267175572519084
MUNICIPIO,Coalcomán de Vázquez Pallares,1,0.15267175572519084
MUNICIPIO,Indaparapeo,1,0.15267175572519084
MUNICIPIO,Copándaro,1,0.15267175572519084
MUNICIPIO,Cotija,1,0.15267175572519084
MUNICIPIO,Charapan,1,0.15267175572519084
MUNICIPIO,Charo,1,0.15267175572519084
MUNICIPIO,Chilchota,1,0.15267175572519084
MUNICIPIO,Chinicuila,1,0.15267175572519084
MUNICIPIO,Erongarícuaro,1,0.15267175572519084
MUNICIPIO,Hidalgo,1,0.15267175572519084
MUNICIPIO,Huiramba,1,0.15267175572519084
MUNICIPIO,Coeneo,1,0.15267175572519084
MUNICIPIO,Tzitzio,1,0.15267175572519084
MUNICIPIO,Uruapan,1,0.15267175572519084
MUNICIPIO,Vista Hermosa,1,0.15267175572519084
MUNICIPIO,Yurécuaro,1,0.15267175572519084
MUNICIPIO,Zacapu,1,0.15267175572519084
MUNICIPIO,Zinapécuaro,1,0.15267175572519084
MUNICIPIO,Ziracuaretiro,1,0.15267175572519084
MUNICIPIO,Zitácuaro,1,0.15267175572519084
MUNICIPIO,Ayala,1,0.15267175572519084
MUNICIPIO,Purépero,1,0.15267175572519084
MUNICIPIO,Huitzilac,1,0.15267175572519084
MUNICIPIO,Ocuituco,1,0.15267175572519084
MUNICIPIO,Tepalcingo,1,0.15267175572519084
MUNICIPIO,Tepoztlán,1,0.15267175572519084
MUNICIPIO,Tetela del Volcán,1,0.15267175572519084
MUNICIPIO,Tlalnepantla,1,0.15267175572519084
MUNICIPIO,Tlayacapan,1,0.15267175572519084
MUNICIPIO,Jalacingo,1,0.15267175572519084
MUNICIPIO,Yautepec,1,0.15267175572519084
MUNICIPIO,Cuernavaca,1,0.15267175572519084
MUNICIPIO,Puruándiro,1,0.15267175572519084
MUNICIPIO,Queréndaro,1,0.15267175572519084
MUNICIPIO,Quiroga,1,0.15267175572519084
MUNICIPIO,Sahuayo,1,0.15267175572519084
MUNICIPIO,Salvador Escalante,1,0.15267175572519084
MUNICIPIO,Susupuato,1,0.15267175572519084
MUNICIPIO,Tacámbaro,1,0.15267175572519084
MUNICIPIO,Tancítaro,1,0.15267175572519084
MUNICIPIO,Tangamandapio,1,0.15267175572519084
MUNICIPIO,Tzintzuntzan,1,0.15267175572519084
MUNICIPIO,Tanhuato,1,0.15267175572519084
MUNICIPIO,Taretan,1,0.15267175572519084
MUNICIPIO,Tarímbaro,1,0.15267175572519084
MUNICIPIO,Tepalcatepec,1,0.15267175572519084
MUNICIPIO,Tingambato,1,0.15267175572519084
MUNICIPIO,Tingüindín,1,0.15267175572519084
MUNICIPIO,Tlazazalca,1,0.15267175572519084
MUNICIPIO,Tocumbo,1,0.15267175572519084
MUNICIPIO,Turicato,1,0.15267175572519084
MUNICIPIO,Tuzantla,1,0.15267175572519084
MUNICIPIO,Tangancícuaro,1,0.15267175572519084
MUNICIPIO,Gómez Farías,1,0.15267175572519084
MUNICIPIO,San Sebastián del Oeste,1,0.15267175572519084
MUNICIPIO,Santa María de Los Ángeles,1,0.15267175572519084
MUNICIPIO,Sayula,1,0.15267175572519084
MUNICIPIO,Tala,1,0.15267175572519084
MUNICIPIO,Talpa de Allende,1,0.15267175572519084
MUNICIPIO,Tamazula de Gordiano,1,0.15267175572519084
MUNICIPIO,Tapalpa,1,0.15267175572519084
MUNICIPIO,Tecalitlán,1,0.15267175572519084
MUNICIPIO,Zacazonapan,1,0.15267175572519084
MUNICIPIO,Techaluta de Montenegro,1,0.15267175572519084
MUNICIPIO,Tenamaxtlán,1,0.15267175572519084
MUNICIPIO,Teocuitatlán de Corona,1,0.15267175572519084
MUNICIPIO,Tepatitlán de Morelos,1,0.15267175572519084
MUNICIPIO,Tequila,1,0.15267175572519084
MUNICIPIO,Teuchitlán,1,0.15267175572519084
MUNICIPIO,Tizapán El Alto,1,0.15267175572519084
MUNICIPIO,Tlajomulco de Zúñiga,1,0.15267175572519084
MUNICIPIO,San Pedro Tlaquepaque,1,0.15267175572519084
MUNICIPIO,Tecolotlán,1,0.15267175572519084
MUNICIPIO,Etzatlán,1,0.15267175572519084
MUNICIPIO,Guachinango,1,0.15267175572519084
MUNICIPIO,Ixtlahuacán de Los Membrillos,1,0.15267175572519084
MUNICIPIO,Ixtlahuacán del Río,1,0.15267175572519084
MUNICIPIO,Jesús María,1,0.15267175572519084
MUNICIPIO,Jocotepec,1,0.15267175572519084
MUNICIPIO,El Limón,1,0.15267175572519084
MUNICIPIO,Magdalena,1,0.15267175572519084
MUNICIPIO,La Manzanilla de la Paz,1,0.15267175572519084
MUNICIPIO,San Martín Hidalgo,1,0.15267175572519084
MUNICIPIO,Mazamitla,1,0.15267175572519084
MUNICIPIO,Mixtlán,1,0.15267175572519084
MUNICIPIO,Ocotlán,1,0.15267175572519084
MUNICIPIO,Pihuamo,1,0.15267175572519084
MUNICIPIO,Puerto Vallarta,1,0.15267175572519084
MUNICIPIO,Villa Purificación,1,0.15267175572519084
MUNICIPIO,Quitupan,1,0.15267175572519084
MUNICIPIO,San Cristóbal de La Barranca,1,0.15267175572519084
MUNICIPIO,San Marcos,1,0.15267175572519084
MUNICIPIO,Mascota,1,0.15267175572519084
MUNICIPIO,Joquicingo,1,0.15267175572519084
MUNICIPIO,Juchitepec,1,0.15267175572519084
MUNICIPIO,Malinalco,1,0.15267175572519084
MUNICIPIO,Nicolás Romero,1,0.15267175572519084
MUNICIPIO,Ocuilan,1,0.15267175572519084
MUNICIPIO,Otzoloapan,1,0.15267175572519084
MUNICIPIO,Ozumba,1,0.15267175572519084
MUNICIPIO,San Simón de Guerrero,1,0.15267175572519084
MUNICIPIO,Santo Tomás,1,0.15267175572519084
MUNICIPIO,Tonila,1,0.15267175572519084
MUNICIPIO,Tejupilco,1,0.15267175572519084
MUNICIPIO,Temascaltepec,1,0.15267175572519084
MUNICIPIO,Tenancingo,1,0.15267175572519084
MUNICIPIO,Tenango del Valle,1,0.15267175572519084
MUNICIPIO,Tepetlixpa,1,0.15267175572519084
MUNICIPIO,Texcaltitlán,1,0.15267175572519084
MUNICIPIO,Valle de Bravo,1,0.15267175572519084
MUNICIPIO,Villa de Allende,1,0.15267175572519084
MUNICIPIO,Villa Guerrero,1,0.15267175572519084
MUNICIPIO,Sultepec,1,0.15267175572519084
MUNICIPIO,Tototlán,1,0.15267175572519084
MUNICIPIO,Tuxcueca,1,0.15267175572519084
MUNICIPIO,Valle de Juárez,1,0.15267175572519084
MUNICIPIO,San Gabriel,1,0.15267175572519084
MUNICIPIO,Villa Corona,1,0.15267175572519084
MUNICIPIO,Yahualica de González Gallo,1,0.15267175572519084
MUNICIPIO,Zacoalco de Torres,1,0.15267175572519084
MUNICIPIO,Zapopan,1,0.15267175572519084
MUNICIPIO,Zapotiltic,1,0.15267175572519084
MUNICIPIO,Ixtapan del Oro,1,0.15267175572519084
MUNICIPIO,Zapotlán del Rey,1,0.15267175572519084
MUNICIPIO,Zapotlanejo,1,0.15267175572519084
MUNICIPIO,Almoloya de Alquisiras,1,0.15267175572519084
MUNICIPIO,Amanalco,1,0.15267175572519084
MUNICIPIO,Amatepec,1,0.15267175572519084
MUNICIPIO,Atlautla,1,0.15267175572519084
MUNICIPIO,Coatepec Harinas,1,0.15267175572519084
MUNICIPIO,Donato Guerra,1,0.15267175572519084
MUNICIPIO,Ecatzingo,1,0.15267175572519084
MUNICIPIO,Ixtapan de La Sal,1,0.15267175572519084
MUNICIPIO,Zapotitlán de Vadillo,1,0.15267175572519084
CVEGEO,01003,1,0.15267175572519084
CVEGEO,02001,1,0.15267175572519084
CVEGEO,03001,1,0.15267175572519084
CVEGEO,03002,1,0.15267175572519084
CVEGEO,03003,1,0.15267175572519084
CVEGEO,03008,1,0.15267175572519084
CVEGEO,04002,1,0.15267175572519084
CVEGEO,04004,1,0.15267175572519084
CVEGEO,04005,1,0.15267175572519084
CVEGEO,04008,1,0.15267175572519084
CVEGEO,04013,1,0.15267175572519084
CVEGEO,06003,1,0.15267175572519084
CVEGEO,06004,1,0.15267175572519084
CVEGEO,06005,1,0.15267175572519084
CVEGEO,06007,1,0.15267175572519084
CVEGEO,06008,1,0.15267175572519084
CVEGEO,06010,1,0.15267175572519084
CVEGEO,07001,1,0.15267175572519084
CVEGEO,07002,1,0.15267175572519084
CVEGEO,07004,1,0.15267175572519084
CVEGEO,07006,1,0.15267175572519084
CVEGEO,07007,1,0.15267175572519084
CVEGEO,07010,1,0.15267175572519084
CVEGEO,07011,1,0.15267175572519084
CVEGEO,07019,1,0.15267175572519084
CVEGEO,07023,1,0.15267175572519084
CVEGEO,07026,1,0.15267175572519084
CVEGEO,07028,1,0.15267175572519084
CVEGEO,07036,1,0.15267175572519084
CVEGEO,07037,1,0.15267175572519084
CVEGEO,07038,1,0.15267175572519084
CVEGEO,07040,1,0.15267175572519084
CVEGEO,07041,1,0.15267175572519084
CVEGEO,07049,1,0.15267175572519084
CVEGEO,07052,1,0.15267175572519084
CVEGEO,07053,1,0.15267175572519084
CVEGEO,07057,1,0.15267175572519084
CVEGEO,07064,1,0.15267175572519084
CVEGEO,07066,1,0.15267175572519084
CVEGEO,07071,1,0.15267175572519084
CVEGEO,07075,1,0.15267175572519084
CVEGEO,07078,1,0.15267175572519084
CVEGEO,07080,1,0.15267175572519084
CVEGEO,07093,1,0.15267175572519084
CVEGEO,07094,1,0.15267175572519084
CVEGEO,07098,1,0.15267175572519084
CVEGEO,07099,1,0.15267175572519084
CVEGEO,07103,1,0.15267175572519084
CVEGEO,07104,1,0.15267175572519084
CVEGEO,07110,1,0.15267175572519084
CVEGEO,07111,1,0.15267175572519084
CVEGEO,07112,1,0.15267175572519084
CVEGEO,07113,1,0.15267175572519084
CVEGEO,07119,1,0.15267175572519084
CVEGEO,07123,1,0.15267175572519084
CVEGEO,08027,1,0.15267175572519084
CVEGEO,08029,1,0.15267175572519084
CVEGEO,10002,1,0.15267175572519084
CVEGEO,10019,1,0.15267175572519084
CVEGEO,10023,1,0.15267175572519084
CVEGEO,10026,1,0.15267175572519084
CVEGEO,10034,1,0.15267175572519084
CVEGEO,10037,1,0.15267175572519084
CVEGEO,11001,1,0.15267175572519084
CVEGEO,11003,1,0.15267175572519084
CVEGEO,11004,1,0.15267175572519084
CVEGEO,11005,1,0.15267175572519084
CVEGEO,11007,1,0.15267175572519084
CVEGEO,11009,1,0.15267175572519084
CVEGEO,11012,1,0.15267175572519084
CVEGEO,11015,1,0.15267175572519084
CVEGEO,11016,1,0.15267175572519084
CVEGEO,11019,1,0.15267175572519084
CVEGEO,11020,1,0.15267175572519084
CVEGEO,11023,1,0.15267175572519084
CVEGEO,11025,1,0.15267175572519084
CVEGEO,11026,1,0.15267175572519084
CVEGEO,11027,1,0.15267175572519084
CVEGEO,11031,1,0.15267175572519084
CVEGEO,11035,1,0.15267175572519084
CVEGEO,11037,1,0.15267175572519084
CVEGEO,11039,1,0.15267175572519084
CVEGEO,12001,1,0.15267175572519084
CVEGEO,12002,1,0.15267175572519084
CVEGEO,12004,1,0.15267175572519084
CVEGEO,12006,1,0.15267175572519084
CVEGEO,12011,1,0.15267175572519084
CVEGEO,12012,1,0.15267175572519084
CVEGEO,12015,1,0.15267175572519084
CVEGEO,12016,1,0.15267175572519084
CVEGEO,12017,1,0.15267175572519084
CVEGEO,12022,1,0.15267175572519084
CVEGEO,12026,1,0.15267175572519084
CVEGEO,12028,1,0.15267175572519084
CVEGEO,12029,1,0.15267175572519084
CVEGEO,12032,1,0.15267175572519084
CVEGEO,12036,1,0.15267175572519084
CVEGEO,12037,1,0.15267175572519084
CVEGEO,12038,1,0.15267175572519084
CVEGEO,12040,1,0.15267175572519084
CVEGEO,12044,1,0.15267175572519084
CVEGEO,12046,1,0.15267175572519084
CVEGEO,12048,1,0.15267175572519084
CVEGEO,12049,1,0.15267175572519084
CVEGEO,12051,1,0.15267175572519084
CVEGEO,12052,1,0.15267175572519084
CVEGEO,12055,1,0.15267175572519084
CVEGEO,12056,1,0.15267175572519084
CVEGEO,12057,1,0.15267175572519084
CVEGEO,12058,1,0.15267175572519084
CVEGEO,12060,1,0.15267175572519084
CVEGEO,12062,1,0.15267175572519084
CVEGEO,12071,1,0.15267175572519084
CVEGEO,12074,1,0.15267175572519084
CVEGEO,12075,1,0.15267175572519084
CVEGEO,12079,1,0.15267175572519084
CVEGEO,13002,1,0.15267175572519084
CVEGEO,13012,1,0.15267175572519084
CVEGEO,13014,1,0.15267175572519084
CVEGEO,13019,1,0.15267175572519084
CVEGEO,13020,1,0.15267175572519084
CVEGEO,13024,1,0.15267175572519084
CVEGEO,13030,1,0.15267175572519084
CVEGEO,13031,1,0.15267175572519084
CVEGEO,13034,1,0.15267175572519084
CVEGEO,13036,1,0.15267175572519084
CVEGEO,13037,1,0.15267175572519084
CVEGEO,13038,1,0.15267175572519084
CVEGEO,13043,1,0.15267175572519084
CVEGEO,13047,1,0.15267175572519084
CVEGEO,13053,1,0.15267175572519084
CVEGEO,13059,1,0.15267175572519084
CVEGEO,13060,1,0.15267175572519084
CVEGEO,13062,1,0.15267175572519084
CVEGEO,13068,1,0.15267175572519084
CVEGEO,13071,1,0.15267175572519084
CVEGEO,13073,1,0.15267175572519084
CVEGEO,13081,1,0.15267175572519084
CVEGEO,13084,1,0.15267175572519084
CVEGEO,14001,1,0.15267175572519084
CVEGEO,14002,1,0.15267175572519084
CVEGEO,14003,1,0.15267175572519084
CVEGEO,14004,1,0.15267175572519084
CVEGEO,14006,1,0.15267175572519084
CVEGEO,14007,1,0.15267175572519084
CVEGEO,14008,1,0.15267175572519084
CVEGEO,14009,1,0.15267175572519084
CVEGEO,14011,1,0.15267175572519084
CVEGEO,14012,1,0.15267175572519084
CVEGEO,14013,1,0.15267175572519084
CVEGEO,14014,1,0.15267175572519084
CVEGEO,14015,1,0.15267175572519084
CVEGEO,14016,1,0.15267175572519084
CVEGEO,14017,1,0.15267175572519084
CVEGEO,14018,1,0.15267175572519084
CVEGEO,14020,1,0.15267175572519084
CVEGEO,14023,1,0.15267175572519084
CVEGEO,14024,1,0.15267175572519084
CVEGEO,14026,1,0.15267175572519084
CVEGEO,14027,1,0.15267175572519084
CVEGEO,14030,1,0.15267175572519084
CVEGEO,14032,1,0.15267175572519084
CVEGEO,14033,1,0.15267175572519084
CVEGEO,14036,1,0.15267175572519084
CVEGEO,14038,1,0.15267175572519084
CVEGEO,14044,1,0.15267175572519084
CVEGEO,14045,1,0.15267175572519084
CVEGEO,14048,1,0.15267175572519084
CVEGEO,14050,1,0.15267175572519084
CVEGEO,14054,1,0.15267175572519084
CVEGEO,14055,1,0.15267175572519084
CVEGEO,14057,1,0.15267175572519084
CVEGEO,14058,1,0.15267175572519084
CVEGEO,14059,1,0.15267175572519084
CVEGEO,14062,1,0.15267175572519084
CVEGEO,14063,1,0.15267175572519084
CVEGEO,14065,1,0.15267175572519084
CVEGEO,14067,1,0.15267175572519084
CVEGEO,14068,1,0.15267175572519084
CVEGEO,14069,1,0.15267175572519084
CVEGEO,14071,1,0.15267175572519084
CVEGEO,14075,1,0.15267175572519084
CVEGEO,14077,1,0.15267175572519084
CVEGEO,14079,1,0.15267175572519084
CVEGEO,14080,1,0.15267175572519084
CVEGEO,14081,1,0.15267175572519084
CVEGEO,14082,1,0.15267175572519084
CVEGEO,14083,1,0.15267175572519084
CVEGEO,14084,1,0.15267175572519084
CVEGEO,14085,1,0.15267175572519084
CVEGEO,14086,1,0.15267175572519084
CVEGEO,14087,1,0.15267175572519084
CVEGEO,14088,1,0.15267175572519084
CVEGEO,14089,1,0.15267175572519084
CVEGEO,14090,1,0.15267175572519084
CVEGEO,14092,1,0.15267175572519084
CVEGEO,14093,1,0.15267175572519084
CVEGEO,14094,1,0.15267175572519084
CVEGEO,14095,1,0.15267175572519084
CVEGEO,14096,1,0.15267175572519084
CVEGEO,14097,1,0.15267175572519084
CVEGEO,14098,1,0.15267175572519084
CVEGEO,14099,1,0.15267175572519084
CVEGEO,14103,1,0.15267175572519084
CVEGEO,14105,1,0.15267175572519084
CVEGEO,14107,1,0.15267175572519084
CVEGEO,14108,1,0.15267175572519084
CVEGEO,14112,1,0.15267175572519084
CVEGEO,14113,1,0.15267175572519084
CVEGEO,14114,1,0.15267175572519084
CVEGEO,14118,1,0.15267175572519084
CVEGEO,14119,1,0.15267175572519084
CVEGEO,14120,1,0.15267175572519084
CVEGEO,14121,1,0.15267175572519084
CVEGEO,14122,1,0.15267175572519084
CVEGEO,14123,1,0.15267175572519084
CVEGEO,14124,1,0.15267175572519084
CVEGEO,15004,1,0.15267175572519084
CVEGEO,15007,1,0.15267175572519084
CVEGEO,15008,1,0.15267175572519084
CVEGEO,15015,1,0.15267175572519084
CVEGEO,15021,1,0.15267175572519084
CVEGEO,15032,1,0.15267175572519084
CVEGEO,15034,1,0.15267175572519084
CVEGEO,15040,1,0.15267175572519084
CVEGEO,15041,1,0.15267175572519084
CVEGEO,15049,1,0.15267175572519084
CVEGEO,15050,1,0.15267175572519084
CVEGEO,15052,1,0.15267175572519084
CVEGEO,15060,1,0.15267175572519084
CVEGEO,15063,1,0.15267175572519084
CVEGEO,15066,1,0.15267175572519084
CVEGEO,15068,1,0.15267175572519084
CVEGEO,15077,1,0.15267175572519084
CVEGEO,15078,1,0.15267175572519084
CVEGEO,15080,1,0.15267175572519084
CVEGEO,15082,1,0.15267175572519084
CVEGEO,15086,1,0.15267175572519084
CVEGEO,15088,1,0.15267175572519084
CVEGEO,15090,1,0.15267175572519084
CVEGEO,15094,1,0.15267175572519084
CVEGEO,15097,1,0.15267175572519084
CVEGEO,15110,1,0.15267175572519084
CVEGEO,15111,1,0.15267175572519084
CVEGEO,15113,1,0.15267175572519084
CVEGEO,15116,1,0.15267175572519084
CVEGEO,15117,1,0.15267175572519084
CVEGEO,15119,1,0.15267175572519084
CVEGEO,15123,1,0.15267175572519084
CVEGEO,16001,1,0.15267175572519084
CVEGEO,16002,1,0.15267175572519084
CVEGEO,16006,1,0.15267175572519084
CVEGEO,16008,1,0.15267175572519084
CVEGEO,16009,1,0.15267175572519084
CVEGEO,16015,1,0.15267175572519084
CVEGEO,16016,1,0.15267175572519084
CVEGEO,16018,1,0.15267175572519084
CVEGEO,16019,1,0.15267175572519084
CVEGEO,16021,1,0.15267175572519084
CVEGEO,16022,1,0.15267175572519084
CVEGEO,16025,1,0.15267175572519084
CVEGEO,16026,1,0.15267175572519084
CVEGEO,16032,1,0.15267175572519084
CVEGEO,16034,1,0.15267175572519084
CVEGEO,16039,1,0.15267175572519084
CVEGEO,16040,1,0.15267175572519084
CVEGEO,16041,1,0.15267175572519084
CVEGEO,16044,1,0.15267175572519084
CVEGEO,16045,1,0.15267175572519084
CVEGEO,16046,1,0.15267175572519084
CVEGEO,16047,1,0.15267175572519084
CVEGEO,16048,1,0.15267175572519084
CVEGEO,16049,1,0.15267175572519084
CVEGEO,16050,1,0.15267175572519084
CVEGEO,16053,1,0.15267175572519084
CVEGEO,16054,1,0.15267175572519084
CVEGEO,16057,1,0.15267175572519084
CVEGEO,16058,1,0.15267175572519084
CVEGEO,16059,1,0.15267175572519084
CVEGEO,16061,1,0.15267175572519084
CVEGEO,16062,1,0.15267175572519084
CVEGEO,16063,1,0.15267175572519084
CVEGEO,16066,1,0.15267175572519084
CVEGEO,16067,1,0.15267175572519084
CVEGEO,16068,1,0.15267175572519084
CVEGEO,16070,1,0.15267175572519084
CVEGEO,16071,1,0.15267175572519084
CVEGEO,16072,1,0.15267175572519084
CVEGEO,16073,1,0.15267175572519084
CVEGEO,16075,1,0.15267175572519084
CVEGEO,16076,1,0.15267175572519084
CVEGEO,16079,1,0.15267175572519084
CVEGEO,16081,1,0.15267175572519084
CVEGEO,16082,1,0.15267175572519084
CVEGEO,16083,1,0.15267175572519084
CVEGEO,16084,1,0.15267175572519084
CVEGEO,16085,1,0.15267175572519084
CVEGEO,16086,1,0.15267175572519084
CVEGEO,16087,1,0.15267175572519084
CVEGEO,16088,1,0.15267175572519084
CVEGEO,16089,1,0.15267175572519084
CVEGEO,16090,1,0.15267175572519084
CVEGEO,16091,1,0.15267175572519084
CVEGEO,16094,1,0.15267175572519084
CVEGEO,16095,1,0.15267175572519084
CVEGEO,16097,1,0.15267175572519084
CVEGEO,16098,1,0.15267175572519084
CVEGEO,16099,1,0.15267175572519084
CVEGEO,16100,1,0.15267175572519084
CVEGEO,16101,1,0.15267175572519084
CVEGEO,16102,1,0.15267175572519084
CVEGEO,16105,1,0.15267175572519084
CVEGEO,16106,1,0.15267175572519084
CVEGEO,16107,1,0.15267175572519084
CVEGEO,16110,1,0.15267175572519084
CVEGEO,16111,1,0.15267175572519084
CVEGEO,16112,1,0.15267175572519084
CVEGEO,17004,1,0.15267175572519084
CVEGEO,17007,1,0.15267175572519084
CVEGEO,17009,1,0.15267175572519084
CVEGEO,17016,1,0.15267175572519084
CVEGEO,17019,1,0.15267175572519084
CVEGEO,17020,1,0.15267175572519084
CVEGEO,17022,1,0.15267175572519084
CVEGEO,17023,1,0.15267175572519084
CVEGEO,17026,1,0.15267175572519084
CVEGEO,17027,1,0.15267175572519084
CVEGEO,17029,1,0.15267175572519084
CVEGEO,17030,1,0.15267175572519084
CVEGEO,17032,1,0.15267175572519084
CVEGEO,17036,1,0.15267175572519084
CVEGEO,18002,1,0.15267175572519084
CVEGEO,18003,1,0.15267175572519084
CVEGEO,18004,1,0.15267175572519084
CVEGEO,18006,1,0.15267175572519084
CVEGEO,18007,1,0.15267175572519084
CVEGEO,18008,1,0.15267175572519084
CVEGEO,18009,1,0.15267175572519084
CVEGEO,18011,1,0.15267175572519084
CVEGEO,18012,1,0.15267175572519084
CVEGEO,18013,1,0.15267175572519084
CVEGEO,18014,1,0.15267175572519084
CVEGEO,18017,1,0.15267175572519084
CVEGEO,18020,1,0.15267175572519084
CVEGEO,19007,1,0.15267175572519084
CVEGEO,19008,1,0.15267175572519084
CVEGEO,19009,1,0.15267175572519084
CVEGEO,19017,1,0.15267175572519084
CVEGEO,19024,1,0.15267175572519084
CVEGEO,19043,1,0.15267175572519084
CVEGEO,19044,1,0.15267175572519084
CVEGEO,19048,1,0.15267175572519084
CVEGEO,19051,1,0.15267175572519084
CVEGEO,20001,1,0.15267175572519084
CVEGEO,20003,1,0.15267175572519084
CVEGEO,20004,1,0.15267175572519084
CVEGEO,20019,1,0.15267175572519084
CVEGEO,20023,1,0.15267175572519084
CVEGEO,20024,1,0.15267175572519084
CVEGEO,20027,1,0.15267175572519084
CVEGEO,20028,1,0.15267175572519084
CVEGEO,20029,1,0.15267175572519084
CVEGEO,20031,1,0.15267175572519084
CVEGEO,20038,1,0.15267175572519084
CVEGEO,20039,1,0.15267175572519084
CVEGEO,20040,1,0.15267175572519084
CVEGEO,20041,1,0.15267175572519084
CVEGEO,20042,1,0.15267175572519084
CVEGEO,20045,1,0.15267175572519084
CVEGEO,20048,1,0.15267175572519084
CVEGEO,20050,1,0.15267175572519084
CVEGEO,20058,1,0.15267175572519084
CVEGEO,20059,1,0.15267175572519084
CVEGEO,20060,1,0.15267175572519084
CVEGEO,20073,1,0.15267175572519084
CVEGEO,20084,1,0.15267175572519084
CVEGEO,20086,1,0.15267175572519084
CVEGEO,20088,1,0.15267175572519084
CVEGEO,20089,1,0.15267175572519084
CVEGEO,20098,1,0.15267175572519084
CVEGEO,20104,1,0.15267175572519084
CVEGEO,20108,1,0.15267175572519084
CVEGEO,20110,1,0.15267175572519084
CVEGEO,20119,1,0.15267175572519084
CVEGEO,20123,1,0.15267175572519084
CVEGEO,20127,1,0.15267175572519084
CVEGEO,20128,1,0.15267175572519084
CVEGEO,20137,1,0.15267175572519084
CVEGEO,20138,1,0.15267175572519084
CVEGEO,20139,1,0.15267175572519084
CVEGEO,20142,1,0.15267175572519084
CVEGEO,20148,1,0.15267175572519084
CVEGEO,20149,1,0.15267175572519084
CVEGEO,20154,1,0.15267175572519084
CVEGEO,20156,1,0.15267175572519084
CVEGEO,20163,1,0.15267175572519084
CVEGEO,20171,1,0.15267175572519084
CVEGEO,20172,1,0.15267175572519084
CVEGEO,20173,1,0.15267175572519084
CVEGEO,20174,1,0.15267175572519084
CVEGEO,20177,1,0.15267175572519084
CVEGEO,20187,1,0.15267175572519084
CVEGEO,20191,1,0.15267175572519084
CVEGEO,20193,1,0.15267175572519084
CVEGEO,20200,1,0.15267175572519084
CVEGEO,20206,1,0.15267175572519084
CVEGEO,20208,1,0.15267175572519084
CVEGEO,20210,1,0.15267175572519084
CVEGEO,20211,1,0.15267175572519084
CVEGEO,20214,1,0.15267175572519084
CVEGEO,20216,1,0.15267175572519084
CVEGEO,20220,1,0.15267175572519084
CVEGEO,20222,1,0.15267175572519084
CVEGEO,20228,1,0.15267175572519084
CVEGEO,20229,1,0.15267175572519084
CVEGEO,20233,1,0.15267175572519084
CVEGEO,20234,1,0.15267175572519084
CVEGEO,20235,1,0.15267175572519084
CVEGEO,20236,1,0.15267175572519084
CVEGEO,20239,1,0.15267175572519084
CVEGEO,20242,1,0.15267175572519084
CVEGEO,20244,1,0.15267175572519084
CVEGEO,20246,1,0.15267175572519084
CVEGEO,20249,1,0.15267175572519084
CVEGEO,20252,1,0.15267175572519084
CVEGEO,20254,1,0.15267175572519084
CVEGEO,20255,1,0.15267175572519084
CVEGEO,20258,1,0.15267175572519084
CVEGEO,20260,1,0.15267175572519084
CVEGEO,20263,1,0.15267175572519084
CVEGEO,20271,1,0.15267175572519084
CVEGEO,20273,1,0.15267175572519084
CVEGEO,20275,1,0.15267175572519084
CVEGEO,20276,1,0.15267175572519084
CVEGEO,20277,1,0.15267175572519084
CVEGEO,20279,1,0.15267175572519084
CVEGEO,20280,1,0.15267175572519084
CVEGEO,20291,1,0.15267175572519084
CVEGEO,20293,1,0.15267175572519084
CVEGEO,20294,1,0.15267175572519084
CVEGEO,20295,1,0.15267175572519084
CVEGEO,20299,1,0.15267175572519084
CVEGEO,20301,1,0.15267175572519084
CVEGEO,20311,1,0.15267175572519084
CVEGEO,20317,1,0.15267175572519084
CVEGEO,20320,1,0.15267175572519084
CVEGEO,20322,1,0.15267175572519084
CVEGEO,20323,1,0.15267175572519084
CVEGEO,20325,1,0.15267175572519084
CVEGEO,20326,1,0.15267175572519084
CVEGEO,20329,1,0.15267175572519084
CVEGEO,20330,1,0.15267175572519084
CVEGEO,20335,1,0.15267175572519084
CVEGEO,20336,1,0.15267175572519084
CVEGEO,20337,1,0.15267175572519084
CVEGEO,20347,1,0.15267175572519084
CVEGEO,20351,1,0.15267175572519084
CVEGEO,20353,1,0.15267175572519084
CVEGEO,20354,1,0.15267175572519084
CVEGEO,20355,1,0.15267175572519084
CVEGEO,20359,1,0.15267175572519084
CVEGEO,20362,1,0.15267175572519084
CVEGEO,20363,1,0.15267175572519084
CVEGEO,20370,1,0.15267175572519084
CVEGEO,20374,1,0.15267175572519084
CVEGEO,20377,1,0.15267175572519084
CVEGEO,20378,1,0.15267175572519084
CVEGEO,20379,1,0.15267175572519084
CVEGEO,20383,1,0.15267175572519084
CVEGEO,20386,1,0.15267175572519084
CVEGEO,20388,1,0.15267175572519084
CVEGEO,20391,1,0.15267175572519084
CVEGEO,20392,1,0.15267175572519084
CVEGEO,20394,1,0.15267175572519084
CVEGEO,20397,1,0.15267175572519084
CVEGEO,20400,1,0.15267175572519084
CVEGEO,20405,1,0.15267175572519084
CVEGEO,20410,1,0.15267175572519084
CVEGEO,20416,1,0.15267175572519084
CVEGEO,20424,1,0.15267175572519084
CVEGEO,20425,1,0.15267175572519084
CVEGEO,20428,1,0.15267175572519084
CVEGEO,20430,1,0.15267175572519084
CVEGEO,20431,1,0.15267175572519084
CVEGEO,20432,1,0.15267175572519084
CVEGEO,20434,1,0.15267175572519084
CVEGEO,20435,1,0.15267175572519084
CVEGEO,20436,1,0.15267175572519084
CVEGEO,20437,1,0.15267175572519084
CVEGEO,20438,1,0.15267175572519084
CVEGEO,20445,1,0.15267175572519084
CVEGEO,20446,1,0.15267175572519084
CVEGEO,20448,1,0.15267175572519084
CVEGEO,20451,1,0.15267175572519084
CVEGEO,20454,1,0.15267175572519084
CVEGEO,20457,1,0.15267175572519084
CVEGEO,20458,1,0.15267175572519084
CVEGEO,20462,1,0.15267175572519084
CVEGEO,20469,1,0.15267175572519084
CVEGEO,20473,1,0.15267175572519084
CVEGEO,20475,1,0.15267175572519084
CVEGEO,20476,1,0.15267175572519084
CVEGEO,20477,1,0.15267175572519084
CVEGEO,20478,1,0.15267175572519084
CVEGEO,20483,1,0.15267175572519084
CVEGEO,20487,1,0.15267175572519084
CVEGEO,20490,1,0.15267175572519084
CVEGEO,20491,1,0.15267175572519084
CVEGEO,20495,1,0.15267175572519084
CVEGEO,20496,1,0.15267175572519084
CVEGEO,20500,1,0.15267175572519084
CVEGEO,20501,1,0.15267175572519084
CVEGEO,20502,1,0.15267175572519084
CVEGEO,20504,1,0.15267175572519084
CVEGEO,20510,1,0.15267175572519084
CVEGEO,20512,1,0.15267175572519084
CVEGEO,20516,1,0.15267175572519084
CVEGEO,20517,1,0.15267175572519084
CVEGEO,20520,1,0.15267175572519084
CVEGEO,20522,1,0.15267175572519084
CVEGEO,20527,1,0.15267175572519084
CVEGEO,20533,1,0.15267175572519084
CVEGEO,20537,1,0.15267175572519084
CVEGEO,20540,1,0.15267175572519084
CVEGEO,20541,1,0.15267175572519084
CVEGEO,20544,1,0.15267175572519084
CVEGEO,20545,1,0.15267175572519084
CVEGEO,20549,1,0.15267175572519084
CVEGEO,20554,1,0.15267175572519084
CVEGEO,20555,1,0.15267175572519084
CVEGEO,20560,1,0.15267175572519084
CVEGEO,20564,1,0.15267175572519084
CVEGEO,20565,1,0.15267175572519084
CVEGEO,21010,1,0.15267175572519084
CVEGEO,21016,1,0.15267175572519084
CVEGEO,21017,1,0.15267175572519084
CVEGEO,21018,1,0.15267175572519084
CVEGEO,21019,1,0.15267175572519084
CVEGEO,21026,1,0.15267175572519084
CVEGEO,21027,1,0.15267175572519084
CVEGEO,21033,1,0.15267175572519084
CVEGEO,21035,1,0.15267175572519084
CVEGEO,21036,1,0.15267175572519084
CVEGEO,21039,1,0.15267175572519084
CVEGEO,21046,1,0.15267175572519084
CVEGEO,21050,1,0.15267175572519084
CVEGEO,21051,1,0.15267175572519084
CVEGEO,21054,1,0.15267175572519084
CVEGEO,21055,1,0.15267175572519084
CVEGEO,21058,1,0.15267175572519084
CVEGEO,21069,1,0.15267175572519084
CVEGEO,21074,1,0.15267175572519084
CVEGEO,21075,1,0.15267175572519084
CVEGEO,21085,1,0.15267175572519084
CVEGEO,21086,1,0.15267175572519084
CVEGEO,21098,1,0.15267175572519084
CVEGEO,21102,1,0.15267175572519084
CVEGEO,21112,1,0.15267175572519084
CVEGEO,21116,1,0.15267175572519084
CVEGEO,21119,1,0.15267175572519084
CVEGEO,21126,1,0.15267175572519084
CVEGEO,21148,1,0.15267175572519084
CVEGEO,21156,1,0.15267175572519084
CVEGEO,21164,1,0.15267175572519084
CVEGEO,21169,1,0.15267175572519084
CVEGEO,21172,1,0.15267175572519084
CVEGEO,21173,1,0.15267175572519084
CVEGEO,21174,1,0.15267175572519084
CVEGEO,21175,1,0.15267175572519084
CVEGEO,21186,1,0.15267175572519084
CVEGEO,21188,1,0.15267175572519084
CVEGEO,21194,1,0.15267175572519084
CVEGEO,21195,1,0.15267175572519084
CVEGEO,21199,1,0.15267175572519084
CVEGEO,21200,1,0.15267175572519084
CVEGEO,21204,1,0.15267175572519084
CVEGEO,21206,1,0.15267175572519084
CVEGEO,21207,1,0.15267175572519084
CVEGEO,21208,1,0.15267175572519084
CVEGEO,21209,1,0.15267175572519084
CVEGEO,21212,1,0.15267175572519084
CVEGEO,21217,1,0.15267175572519084
CVEGEO,22002,1,0.15267175572519084
CVEGEO,22004,1,0.15267175572519084
CVEGEO,22009,1,0.15267175572519084
CVEGEO,22013,1,0.15267175572519084
CVEGEO,22015,1,0.15267175572519084
CVEGEO,22018,1,0.15267175572519084
CVEGEO,23007,1,0.15267175572519084
CVEGEO,24006,1,0.15267175572519084
CVEGEO,24011,1,0.15267175572519084
CVEGEO,24047,1,0.15267175572519084
CVEGEO,24048,1,0.15267175572519084
CVEGEO,24054,1,0.15267175572519084
CVEGEO,25001,1,0.15267175572519084
CVEGEO,25002,1,0.15267175572519084
CVEGEO,25004,1,0.15267175572519084
CVEGEO,25013,1,0.15267175572519084
CVEGEO,25016,1,0.15267175572519084
CVEGEO,25018,1,0.15267175572519084
CVEGEO,26012,1,0.15267175572519084
CVEGEO,26026,1,0.15267175572519084
CVEGEO,26030,1,0.15267175572519084
CVEGEO,26033,1,0.15267175572519084
CVEGEO,26042,1,0.15267175572519084
CVEGEO,26072,1,0.15267175572519084
CVEGEO,27002,1,0.15267175572519084
CVEGEO,27003,1,0.15267175572519084
CVEGEO,27006,1,0.15267175572519084
CVEGEO,28017,1,0.15267175572519084
CVEGEO,29029,1,0.15267175572519084
CVEGEO,30008,1,0.15267175572519084
CVEGEO,30010,1,0.15267175572519084
CVEGEO,30023,1,0.15267175572519084
CVEGEO,30024,1,0.15267175572519084
CVEGEO,30025,1,0.15267175572519084
CVEGEO,30029,1,0.15267175572519084
CVEGEO,30047,1,0.15267175572519084
CVEGEO,30071,1,0.15267175572519084
CVEGEO,30079,1,0.15267175572519084
CVEGEO,30080,1,0.15267175572519084
CVEGEO,30086,1,0.15267175572519084
CVEGEO,30092,1,0.15267175572519084
CVEGEO,30107,1,0.15267175572519084
CVEGEO,30137,1,0.15267175572519084
CVEGEO,30159,1,0.15267175572519084
CVEGEO,30171,1,0.15267175572519084
CVEGEO,30184,1,0.15267175572519084
CVEGEO,30186,1,0.15267175572519084
CVEGEO,30201,1,0.15267175572519084
CVEGEO,31003,1,0.15267175572519084
CVEGEO,31010,1,0.15267175572519084
CVEGEO,31025,1,0.15267175572519084
CVEGEO,31038,1,0.15267175572519084
CVEGEO,31047,1,0.15267175572519084
CVEGEO,31050,1,0.15267175572519084
CVEGEO,31053,1,0.15267175572519084
CVEGEO,31056,1,0.15267175572519084
CVEGEO,31062,1,0.15267175572519084
CVEGEO,31066,1,0.15267175572519084
CVEGEO,31070,1,0.15267175572519084
CVEGEO,31079,1,0.15267175572519084
CVEGEO,31087,1,0.15267175572519084
CVEGEO,31089,1,0.15267175572519084
CVEGEO,31096,1,0.15267175572519084
CVEGEO,31098,1,0.15267175572519084
CVEGEO,31101,1,0.15267175572519084
CVEGEO,32001,1,0.15267175572519084
CVEGEO,32019,1,0.15267175572519084
CVEGEO,32020,1,0.15267175572519084
CVEGEO,32023,1,0.15267175572519084
CVEGEO,32028,1,0.15267175572519084
CVEGEO,32033,1,0.15267175572519084
CVEGEO,32034,1,0.15267175572519084
CVEGEO,32043,1,0.15267175572519084
MODALIDAD,Riego,427,55.45454545454545
MODALIDAD,Temporal,343,44.54545454545455
