CVEGEO,ENTIDAD,MUNICIPIO,SUPERFICIE_SEMBRADA,SUPERFICIE_COSECHADA,SUPERFICIE_SINIESTRADA,VOLUMEN_PRODUCCION,RENDIMIENTO,PRECIO,VALOR_PRODUCCION
16083,Michoacán,Tancítaro,25562.0,25075.0,0.0,268975.9,10.726855433698905,22096.676247202817,5943473380.6
16009,Michoacán,Ario,20396.0,20174.0,0.0,211762.7,10.496812729255478,21916.15992807043,4641025200.0
16102,Michoacán,Uruapan,18307.0,18102.0,0.0,201170.38,11.11315766213678,24258.51079567479,4880093835.0
16082,Michoacán,Tacámbaro,17713.5,17414.5,0.0,196028.40000000002,11.256619483763531,19668.7705914041,3855637629.0
16079,Michoacán,Salvador Escalante,16879.0,16711.0,0.0,190839.7,11.420004787265874,21668.303309007508,4135172503.0
16068,Michoacán,Peribán,11777.0,11751.0,0.0,153789.16999999998,13.08732618500553,20701.032336672342,3183594581.2
16058,Michoacán,Nuevo Parangaricutiro,9025.0,8992.0,0.0,95888.6,10.663767793594307,24088.100097404695,2309774195.0
16075,Michoacán,Los Reyes,7204.0,7077.0,0.0,92452.12,13.063744524516038,20816.7257581546,1924550427.8
16097,Michoacán,Turicato,6730.0,6613.0,0.0,73975.78,11.186417662180553,19177.60647741734,1418678397.7
14023,Jalisco,Zapotlán el Grande,6205.0,6185.0,0.0,73229.5,11.839854486661277,24376.06090755775,1785046752.23
16091,Michoacán,Tingüindín,5446.0,5409.0,0.0,65477.53,12.10529303013496,21654.05845944403,1417854262.4
16111,Michoacán,Ziracuaretiro,5470.0,5225.0,0.0,59498.25,11.387224880382774,20251.498543234466,1204928723.2
16107,Michoacán,Zacapu,4032.0,3981.0,0.0,48209.91,12.110000000000001,21523.63999434971,1037652747.0
16090,Michoacán,Tingambato,4283.0,4244.0,0.0,42854.3,10.097620169651274,22295.34659999113,955451471.8
16084,Michoacán,Tangamandapio,3430.0,3344.0,0.0,40231.0,12.0308014354067,20307.050851830678,816972962.82
16087,Michoacán,Taretan,3374.0,3341.0,0.0,35065.259999999995,10.495438491469619,21554.959880519924,755830272.5
16019,Michoacán,Cotija,2779.0,2750.0,0.0,32696.84,11.88976,22563.438365909362,737753134.0999999
14121,Jalisco,Zapotiltic,2526.7,2526.7,0.0,30320.4,12.000000000000002,23176.999999999996,702735910.8
14113,Jalisco,San Gabriel,3030.99,2470.36,0.0,28409.14,11.5,23960.3500000352,680692937.6
18017,Nayarit,Tepic,4740.5,3238.5,0.0,25919.980000000003,8.00369924347692,9410.933361059691,243931204.5
15021,Estado de México,Coatepec Harinas,2177.0,2177.0,0.0,25648.35,11.781511254019293,18989.782040560116,487056576.2
18008,Nayarit,Xalisco,4103.8,3177.8,0.0,24962.9,7.855403109069167,9346.289330165966,233310485.92000002
14108,Jalisco,Tuxpan,1850.0,1850.0,0.0,24512.5,13.25,24846.220002039772,609042967.8
16001,Michoacán,Acuitzio,1987.0,1961.0,0.0,20950.26,10.683457419683833,25660.27445482777,537589421.5
14026,Jalisco,Concepción de Buenos Aires,2440.04,1801.04,0.0,20396.760000000002,11.324990005774442,24149.950045987694,492580735.1
14079,Jalisco,Gómez Farías,1851.33,1751.33,0.0,19705.16,11.251540257975368,24810.56957314734,488896243.13
16085,Michoacán,Tangancícuaro,1945.0,1926.0,0.0,19678.06,10.217061266874351,21035.044302131406,413928863.88
17016,Morelos,Ocuituco,2084.0,2074.0,0.0,17710.18,8.539141755062682,21389.53609167157,378812534.3
15086,Estado de México,Temascaltepec,1887.0,1649.0,0.0,17390.63,10.546167374166162,21325.00163018821,370855213.1
14086,Jalisco,Tapalpa,1896.0,1416.0,0.0,16807.92,11.87,24952.779998952876,419404330.0
16049,Michoacán,Madero,1590.0,1569.0,0.0,16756.92,10.68,26231.63000121741,439561325.4
16053,Michoacán,Morelia,1586.5,1534.5,0.0,16397.82,10.686099706744868,25692.17183137759,421295609.1
15032,Estado de México,Donato Guerra,1533.0,1463.0,0.0,16240.109999999999,11.100553656869446,16397.128892599867,266291176.9
16021,Michoacán,Charapan,1823.0,1805.0,0.0,16172.8,8.959999999999999,20321.179999752672,328650379.9
17022,Morelos,Tetela del Volcán,1705.0,1685.0,0.0,15109.949999999999,8.967329376854599,21243.461890343777,320987646.98999995
16112,Michoacán,Zitácuaro,1317.0,1317.0,0.0,13968.78,10.606514806378133,22395.785795180396,312841804.70000005
14103,Jalisco,Tonila,1066.0,1066.0,0.0,13855.2,12.99737335834897,24488.106869622956,339287618.3
16025,Michoacán,Chilchota,1355.0,1341.0,0.0,13727.2,10.236539895600298,22107.506071157994,303474157.34000003
16066,Michoacán,Pátzcuaro,1260.0,1197.0,0.0,12807.9,10.7,22290.730002576536,285497440.8
16095,Michoacán,Tocumbo,1101.0,1076.0,0.0,12742.27,11.842258364312269,22679.2439698735,288985050.06
14082,Jalisco,Sayula,1064.0,1061.0,0.0,12625.9,11.9,24305.54000110883,306879317.5
14085,Jalisco,Tamazula de Gordiano,998.0,998.0,0.0,12380.19,12.405000000000001,23298.750003029032,288442951.8
14122,Jalisco,Zapotitlán de Vadillo,1168.0,1168.0,0.0,11504.8,9.85,22831.162436548224,262667957.6
16006,Michoacán,Apatzingán,1016.0,997.0,0.0,10647.96,10.68,21736.80999928625,231452683.4
14059,Jalisco,Mazamitla,989.0,815.0,0.0,10423.16,12.789153374233129,25487.6673225778,265662034.53
15110,Estado de México,Valle de Bravo,966.0,966.0,0.0,10071.619999999999,10.426107660455486,18634.58523653593,187680461.36
16032,Michoacán,Erongarícuaro,732.0,715.0,0.0,10002.85,13.99,20645.64999975007,206515340.1
12032,Guerrero,General Heliodoro Castillo,1304.5,1219.5,0.0,9815.54,8.048823288232883,12917.102371341769,126788335.00999999
15088,Estado de México,Tenancingo,884.0,884.0,0.0,8867.88,10.03153846153846,17319.439674420493,153586712.7
16070,Michoacán,Purépero,881.0,865.0,0.0,8823.0,10.2,21112.009996599794,186271264.2
18012,Nayarit,San Blas,817.0,807.0,0.0,8517.57,10.55460966542751,7819.589978127565,66603905.01
21116,Puebla,Quimixtlán,1012.0,870.0,0.0,7395.6,8.500689655172414,17982.924847206446,132994519.0
15052,Estado de México,Malinalco,722.0,655.0,0.0,7157.25,10.92709923664122,17591.794845785742,125908873.66
16015,Michoacán,Coalcomán de Vázquez Pallares,559.0,523.0,0.0,7086.65,13.549999999999999,18182.030000070557,128849682.9
14069,Jalisco,Quitupan,776.79,644.79,0.0,6875.7,10.663471828037036,25036.754960222235,172145216.08
15004,Estado de México,Almoloya de Alquisiras,635.28,608.0,0.0,6779.52,11.150526315789474,16473.942991539225,111685425.99000001
15113,Estado de México,Villa Guerrero,551.9,551.9,0.0,6260.11,11.342833846711361,14661.629402678229,91783412.84
14093,Jalisco,Tepatitlán de Morelos,492.25,492.25,0.0,6153.13,12.500010157440325,26708.668303773848,164341908.2
31056,Yucatán,Oxkutzcab,213.0,213.0,0.0,5942.7,27.9,10310.18999949518,61270366.11
16044,Michoacán,Jiménez,594.0,565.0,0.0,5830.8,10.32,21013.110002058034,122523241.8
14014,Jalisco,Atoyac,528.58,479.58,0.0,5802.92,12.100004170315694,25717.621145905854,149237298.1
18007,Nayarit,Jala,1535.5,678.5,0.0,5671.48,8.358850405305821,9273.701626383237,52595613.300000004
15111,Estado de México,Villa de Allende,503.0,503.0,0.0,5622.51,11.177952286282306,17252.653933919195,97003219.27000001
14013,Jalisco,Atotonilco El Alto,280.0,280.0,0.0,5404.0,19.3,26079.5,140933618.0
14033,Jalisco,Degollado,252.0,252.0,0.0,4599.0,18.25,27114.040008697542,124697470.0
18014,Nayarit,Santa María del Oro,689.0,523.0,0.0,4387.66,8.389407265774379,9309.413003742315,40846539.06
14057,Jalisco,La Manzanilla de la Paz,626.35,362.75,0.0,4332.1,11.94238456237078,24557.33357494056,106384824.78
17030,Morelos,Yecapixtla,505.0,505.0,0.0,3990.42,7.901821782178218,23739.841758511633,94731939.35
16081,Michoacán,Susupuato,371.0,371.0,0.0,3966.1400000000003,10.690404312668464,18776.395457548144,74469813.08
15077,Estado de México,San Simón de Guerrero,494.6,391.0,0.0,3875.27,9.911176470588234,20835.30547290898,80742434.24
17023,Morelos,Tlalnepantla,411.0,392.0,0.0,3724.0,9.5,21000.0,78204000.0
16098,Michoacán,Tuxpan,396.0,396.0,0.0,3717.9900000000002,9.388863636363636,18202.091839945777,67675195.44
14008,Jalisco,Arandas,222.0,222.0,0.0,3700.19,16.66752252252252,26976.89000024323,99819618.61
12057,Guerrero,Técpan de Galeana,502.0,492.0,0.0,3457.79,7.028028455284553,14551.119154141807,50314714.3
06003,Colima,Comala,329.0,324.0,0.0,3405.24,10.51,17466.839999530137,59478782.24
17027,Morelos,Totolapan,362.0,354.0,0.0,3363.0,9.5,21300.0,71631900.0
15080,Estado de México,Sultepec,345.0,345.0,0.0,3343.05,9.690000000000001,17746.6,59327771.13
15063,Estado de México,Ocuilan,309.0,309.0,0.0,3238.41,10.480291262135921,17401.53610568149,56353308.54
14016,Jalisco,Ayotlán,183.0,183.0,0.0,3218.97,17.59,26487.370000341725,85262049.41
16059,Michoacán,Nuevo Urecho,313.0,298.0,0.0,3134.96,10.52,22548.69000242427,70689241.21
15041,Estado de México,Ixtapan del Oro,419.0,286.0,0.0,3057.42,10.69027972027972,16967.75585951554,51877556.120000005
14004,Jalisco,Amacueca,280.76,235.76,0.0,2852.7,12.100016966406514,21522.919823325272,61398433.38
16094,Michoacán,Tlazazalca,283.0,276.0,0.0,2829.2,10.25072463768116,20089.224222395027,56836433.17
19007,Nuevo León,Aramberri,349.0,349.0,0.0,2809.45,8.049999999999999,11999.390001601738,33711686.24
31003,Yucatán,Akil,99.5,99.5,0.0,2761.13,27.750050251256283,10335.67128313408,28538132.05
07099,Chiapas,La Trinitaria,415.0,414.5,0.0,2756.43,6.650012062726176,25415.193899355327,70055202.92
10034,Durango,Tamazula,342.0,342.0,0.0,2684.7,7.85,19500.0,52351650.0
17036,Morelos,Hueyapan,281.0,281.0,0.0,2669.5,9.5,22250.0,59396375.0
10026,Durango,San Dimas,332.0,332.0,0.0,2606.2,7.85,19713.330001534803,51376880.65
16039,Michoacán,Huiramba,258.0,238.0,0.0,2546.6,10.7,21798.18000078536,55511245.19
10023,Durango,Pueblo Nuevo,324.0,324.0,0.0,2543.4,7.8500000000000005,19299.2400015727,49085687.02
17007,Morelos,Cuernavaca,266.0,266.0,0.0,2527.0,9.5,27769.96,70174688.92
16110,Michoacán,Zinapécuaro,249.0,230.0,0.0,2481.55,10.789347826086958,19194.14255203401,47631224.45
18013,Nayarit,San Pedro Lagunillas,413.0,261.0,0.0,2370.75,9.083333333333334,21402.625291574397,50740273.910000004
06005,Colima,Cuauhtémoc,221.5,218.5,0.0,2294.25,10.5,17392.28,39902238.39
07111,Chiapas,Zinacantán,410.0,350.0,0.0,2285.5,6.53,29599.650002187704,67650000.08
25004,Sinaloa,Concordia,187.0,187.0,0.0,2183.73,11.677700534759358,15608.28124356033,34084272.0
14087,Jalisco,Tecalitlán,189.0,189.0,0.0,2120.38,11.218941798941799,24351.064092285345,51633509.28
16073,Michoacán,Quiroga,208.0,198.0,0.0,2118.6,10.7,22339.16000188804,47327744.38
12040,Guerrero,Leonardo Bravo,241.0,240.0,0.0,2115.35,8.813958333333334,11635.37122462004,24612882.52
20410,Oaxaca,Santa María Ecatepec,304.95,304.95,0.0,2073.66,6.8,18312.53000009645,37973960.96
20490,Oaxaca,Santiago Texcalcingo,290.45,278.0,0.0,2063.48,7.422589928057554,21723.182657452457,44825352.949999996
31089,Yucatán,Ticul,71.0,71.0,0.0,1973.8,27.8,10410.570002026549,20548383.07
14032,Jalisco,Chiquilistlán,175.0,165.0,0.0,1958.55,11.87,25603.31000485053,50145362.81
30010,Veracruz,Altotonga,171.0,171.0,0.0,1898.1,11.1,16884.440003161057,32048355.57
21050,Puebla,Chichiquila,252.0,220.0,0.0,1825.05,8.295681818181817,17577.36735431906,32079574.29
14001,Jalisco,Acatic,120.4,120.4,0.0,1590.24,13.20797342192691,26565.21345834591,42245065.05
20058,Oaxaca,Mazatlán Villa de Flores,260.25,230.25,0.0,1524.78,6.622280130293159,17984.523832946394,27422442.25
14058,Jalisco,Mascota,128.45,126.45,0.0,1507.28,11.919968366943456,28767.86634202006,43361229.58
07011,Chiapas,Bella Vista,218.0,218.0,0.0,1449.7,6.65,20962.190004828586,30388886.85
21019,Puebla,Atlixco,241.0,162.0,0.0,1393.21,8.600061728395062,14486.803008878776,20183158.82
31047,Yucatán,Maní,45.5,45.5,0.0,1267.18,27.85010989010989,10441.798797329502,13231638.6
31025,Yucatán,Dzán,43.0,43.0,0.0,1193.25,27.75,10468.729997904882,12491812.07
14088,Jalisco,Tecolotlán,60.0,60.0,0.0,1005.0,16.75,25461.54,25588847.7
14018,Jalisco,La Barca,60.0,60.0,0.0,975.6,16.26,26456.35,25810815.06
14107,Jalisco,Tuxcueca,53.0,53.0,0.0,928.03,17.509999999999998,26231.71999827592,24343823.11
14096,Jalisco,Tizapán El Alto,43.0,43.0,0.0,771.85,17.95,23451.319997408824,18100901.34
07112,Chiapas,San Juan Cancuc,308.0,108.0,0.0,715.21,6.622314814814815,28265.0599963647,20215453.56
31062,Yucatán,Sacalum,25.0,25.0,0.0,692.5,27.7,11951.550007220216,8276448.38
31053,Yucatán,Muna,40.0,40.0,0.0,690.0,17.25,11378.58,7851220.2
14050,Jalisco,Jocotepec,37.0,37.0,0.0,656.38,17.74,24262.100003047013,15925157.2
14105,Jalisco,Tototlán,30.0,30.0,0.0,549.0,18.3,26825.129999999997,14726996.37
21039,Puebla,Cuautempan,294.5,72.0,0.0,532.12,7.390555555555555,19761.194824475682,10515326.99
14044,Jalisco,Ixtlahuacán de Los Membrillos,24.0,24.0,0.0,421.44,17.56,24195.41998861048,10196917.8
31098,Yucatán,Tzucacab,11.5,11.5,0.0,342.7,29.8,10000.0,3427000.0
14030,Jalisco,Chapala,9.0,9.0,0.0,161.46,17.94,25776.91998018085,4161941.5
11023,Guanajuato,Pénjamo,10.0,6.0,0.0,98.1,16.349999999999998,20816.292048929663,2042078.25
02001,Baja California,Ensenada,40.0,10.0,20.0,62.0,6.2,16000.0,992000.0
16071,Michoacán,Puruándiro,6.0,0.0,4.0,0.0,,,0.0
19009,Nuevo León,Cadereyta Jiménez,5.0,0.0,5.0,0.0,,,0.0
26012,Sonora,Bácum,387.0,0.0,0.0,0.0,,,0.0
24048,San Luis Potosí,Villa de La Paz,1.0,0.0,1.0,0.0,,,0.0
