ENTIDAD,SUPERFICIE_SEMBRADA,SUPERFICIE_COSECHADA,SUPERFICIE_SINIESTRADA,VOLUMEN_PRODUCCION,VALOR_PRODUCCION,participacion_pct
Michoacán,183711.0,180998.0,4.0,2029668.2200000002,44132468811.73,72.68333011606292
Jalisco,31628.87,29073.64,0.0,350848.22,8567187679.139999,12.5640322608456
Estado de México,12958.51,12209.96,0.0,132227.58,2441463423.66,4.735128999353459
Nayarit,12823.8,8902.8,0.0,73685.24,710866312.75,2.6387015231491007
Morelos,6018.0,5909.0,0.0,52415.07,1137190986.07,1.8770071868527092
Guerrero,3422.08,3247.06,0.0,23914.97,295720636.53999996,0.8564058115989721
Puebla,3577.65,2841.65,0.0,22503.73,387902582.14,0.8058686736656636
Oaxaca,3707.5299999999997,3235.87,0.0,22021.25,426267233.37,0.7885908482709308
Chiapas,3376.21,2946.06,0.0,18855.25,455117223.44,0.6752149669914501
Yucatán,645.18,634.18,0.0,15571.93,163482376.39,0.5576378038447207
Veracruz,1013.06,1013.06,0.0,11012.98,181909287.71,0.39437975774267114
Durango,1050.7,1050.7,0.0,8304.92,160513865.23000002,0.2974029134414359
Colima,786.6,774.6,0.0,8043.0199999999995,143855628.05,0.28802415686939037
Hidalgo,915.3,802.2,0.0,6085.3,119726471.3,0.21791732481049422
Nuevo León,699.5,694.5,5.0,5572.98,75416418.21000001,0.19957091562000034
Sinaloa,382.33,350.8,0.0,3714.86,54506986.94,0.1330308042734972
Guanajuato,319.7,276.2,0.0,2145.69,36232010.53,0.07683812214231497
Querétaro,193.0,179.0,0.0,1551.43,33296774.53,0.05555740476734837
San Luis Potosí,129.0,108.0,1.0,884.5,13000518.690000001,0.031674342069393804
Aguascalientes,55.85,55.85,0.0,726.05,11471590.0,0.026000176438081824
Campeche,74.0,69.0,0.0,619.72,7178835.97,0.022192451404459843
Baja California Sur,112.0,59.0,0.0,449.45,9751931.0,0.016095006266918087
Zacatecas,59.5,53.5,0.0,441.27000000000004,6794668.0,0.01580207679475569
Chihuahua,69.0,57.0,0.0,401.0,8216197.88,0.014359990016763049
Tabasco,59.0,59.0,0.0,312.51,3036535.89,0.011191123391866883
Sonora,440.3,30.0,0.0,267.9,3301685.35,0.009593619265563142
Tlaxcala,15.0,15.0,0.0,133.95,2198309.71,0.004796809632781571
Baja California,40.0,10.0,20.0,62.0,992000.0,0.002220247833015733
Quintana Roo,3.0,3.0,0.0,24.15,198566.86,0.0008648223414085477
Tamaulipas,26.28,1.78,0.0,15.91,397431.8,0.0005697442423109728
