CVEGEO,ENTIDAD,MUNICIPIO,VOLUMEN_PRODUCCION,RENDIMIENTO,PRECIO,participacion_pct,acumulado_pct
16083,Michoacán,Tancítaro,268975.9,10.726855433698905,22096.676247202817,9.632147727555754,9.632147727555754
16009,Michoacán,Ario,211762.7,10.496812729255478,21916.15992807043,7.583317351428402,17.215465078984156
16102,Michoacán,Uruapan,201170.38,11.11315766213678,24258.51079567479,7.204001617128252,24.41946669611241
16082,Michoacán,Tacámbaro,196028.40000000002,11.256619483763531,19668.7705914041,7.019865004992605,31.43933170110501
16079,Michoacán,Salvador Escalante,190839.7,11.420004787265874,21668.303309007508,6.83405532868343,38.27338702978844
16068,Michoacán,Peribán,153789.16999999998,13.08732618500553,20701.032336672342,5.5072592166740035,43.78064624646244
16058,Michoacán,Nuevo Parangaricutiro,95888.6,10.663767793594307,24088.100097404695,3.4338138122727817,47.21446005873522
16075,Michoacán,Los Reyes,92452.12,13.063744524516038,20816.7257581546,3.3107519207695253,50.525211979504746
16097,Michoacán,Turicato,73975.78,11.186417662180553,19177.60647741734,2.6491058909782037,53.17431787048295
14023,Jalisco,Zapotlán el Grande,73229.5,11.839854486661277,24376.06090755775,2.6223812691584785,55.79669913964143
16091,Michoacán,Tingüindín,65477.53,12.10529303013496,21654.05845944403,2.34477974344714,58.141478883088574
16111,Michoacán,Ziracuaretiro,59498.25,11.387224880382774,20251.498543234466,2.1306590424311027,60.27213792551968
16107,Michoacán,Zacapu,48209.91,12.110000000000001,21523.63999434971,1.726418519473928,61.99855644499361
16090,Michoacán,Tingambato,42854.3,10.097620169651274,22295.34659999113,1.534631721135583,63.53318816612919
16084,Michoacán,Tangamandapio,40231.0,12.0308014354067,20307.050851830678,1.4406901704847739,64.97387833661396
16087,Michoacán,Taretan,35065.259999999995,10.495438491469619,21554.959880519924,1.2557027020827947,66.22958103869676
16019,Michoacán,Cotija,32696.84,11.88976,22563.438365909362,1.1708885186526155,67.40046955734938
14121,Jalisco,Zapotiltic,30320.4,12.000000000000002,23176.999999999996,1.085787135422101,68.48625669277148
14113,Jalisco,San Gabriel,28409.14,11.5,23960.3500000352,1.0173440568200096,69.50360074959148
18017,Nayarit,Tepic,25919.980000000003,8.00369924347692,9410.933361059691,0.9282061197872769,70.43180686937876
15021,Estado de México,Coatepec Harinas,25648.35,11.781511254019293,18989.782040560116,0.9184789275472434,71.350285796926
18008,Nayarit,Xalisco,24962.9,7.855403109069167,9346.289330165966,0.8939326553352978,72.2442184522613
14108,Jalisco,Tuxpan,24512.5,13.25,24846.220002039772,0.877803629141906,73.1220220814032
16001,Michoacán,Acuitzio,20950.26,10.683457419683833,25660.27445482777,0.7502382155825194,73.87226029698571
14026,Jalisco,Concepción de Buenos Aires,20396.760000000002,11.324990005774442,24149.950045987694,0.7304171321055161,74.60267742909123
14079,Jalisco,Gómez Farías,19705.16,11.251540257975368,24810.56957314734,0.7056506256327147,75.30832805472394
16085,Michoacán,Tangancícuaro,19678.06,10.217061266874351,21035.044302131406,0.7046801624669934,76.01300821719094
17016,Morelos,Ocuituco,17710.18,8.539141755062682,21389.53609167157,0.634209496247074,76.64721771343802
15086,Estado de México,Temascaltepec,17390.63,10.546167374166162,21325.00163018821,0.6227662672948131,77.26998398073283
14086,Jalisco,Tapalpa,16807.92,11.87,24952.779998952876,0.6018991606048678,77.8718831413377
16049,Michoacán,Madero,16756.92,10.68,26231.63000121741,0.6000728277099677,78.47195596904767
16053,Michoacán,Morelia,16397.82,10.686099706744868,25692.17183137759,0.5872132955029364,79.0591692645506
15032,Estado de México,Donato Guerra,16240.109999999999,11.100553656869446,16397.128892599867,0.5815656296038249,79.64073489415443
16021,Michoacán,Charapan,16172.8,8.959999999999999,20321.179999752672,0.579155228287046,80.21989012244148
17022,Morelos,Tetela del Volcán,15109.949999999999,8.967329376854599,21243.461890343777,0.54109409265284,80.76098421509433
16112,Michoacán,Zitácuaro,13968.78,10.606514806378133,22395.785795180396,0.5002282826592503,81.26121249775358
14103,Jalisco,Tonila,13855.2,12.99737335834897,24488.106869622956,0.4961609318709612,81.75737342962454
16025,Michoacán,Chilchota,13727.2,10.236539895600298,22107.506071157994,0.4915771944092513,82.24895062403378
16066,Michoacán,Pátzcuaro,12807.9,10.7,22290.730002576536,0.4586566487174551,82.70760727275123
16095,Michoacán,Tocumbo,12742.27,11.842258364312269,22679.2439698735,0.4563064089548612,83.16391368170609
14082,Jalisco,Sayula,12625.9,11.9,24305.54000110883,0.45213914701408625,83.61605282872017
14085,Jalisco,Tamazula de Gordiano,12380.19,12.405000000000001,23298.750003029032,0.44334016161004924,84.05939299033022
14122,Jalisco,Zapotitlán de Vadillo,11504.8,9.85,22831.162436548224,0.4119920527303131,84.47138504306054
16006,Michoacán,Apatzingán,10647.96,10.68,21736.80999928625,0.3813082276780356,84.85269327073857
14059,Jalisco,Mazamitla,10423.16,12.789153374233129,25487.6673225778,0.37325803876090763,85.22595130949948
15110,Estado de México,Valle de Bravo,10071.619999999999,10.426107660455486,18634.58523653593,0.3606692335477084,85.58662054304719
16032,Michoacán,Erongarícuaro,10002.85,13.99,20645.64999975007,0.35820654897550697,85.94482709202269
12032,Guerrero,General Heliodoro Castillo,9815.54,8.048823288232883,12917.102371341769,0.35149889378837507,86.29632598581107
15088,Estado de México,Tenancingo,8867.88,10.03153846153846,17319.439674420493,0.31756276376521875,86.61388874957629
16070,Michoacán,Purépero,8823.0,10.2,21112.009996599794,0.31595559081770674,86.929844340394
18012,Nayarit,San Blas,8517.57,10.55460966542751,7819.589978127565,0.30501800540419066,87.23486234579819
21116,Puebla,Quimixtlán,7395.6,8.500689655172414,17982.924847206446,0.26483975602985743,87.49970210182805
15052,Estado de México,Malinalco,7157.25,10.92709923664122,17591.794845785742,0.2563043355298687,87.75600643735791
16015,Michoacán,Coalcomán de Vázquez Pallares,7086.65,13.549999999999999,18182.030000070557,0.2537761178361443,88.00978255519405
14069,Jalisco,Quitupan,6875.7,10.663471828037036,25036.754960222235,0.24622190363655289,88.2560044588306
15004,Estado de México,Almoloya de Alquisiras,6779.52,11.150526315789474,16473.942991539225,0.24277765465946496,88.49878211349007
15113,Estado de México,Villa Guerrero,6260.11,11.342833846711361,14661.629402678229,0.22417734938613101,88.72295946287619
14093,Jalisco,Tepatitlán de Morelos,6153.13,12.500010157440325,26708.668303773848,0.22034634756071134,88.9433058104369
31056,Yucatán,Oxkutzcab,5942.7,27.9,10310.18999949518,0.21281075479455805,89.15611656523146
16044,Michoacán,Jiménez,5830.8,10.32,21013.110002058034,0.20880356556045387,89.36492013079192
14014,Jalisco,Atoyac,5802.92,12.100004170315694,25717.621145905854,0.20780517024457518,89.57272530103648
18007,Nayarit,Jala,5671.48,8.358850405305821,9273.701626383237,0.20309824483858183,89.77582354587507
15111,Estado de México,Villa de Allende,5622.51,11.177952286282306,17252.653933919195,0.20134460715498861,89.97716815303006
14013,Jalisco,Atotonilco El Alto,5404.0,19.3,26079.5,0.19351966596156492,90.17068781899162
14033,Jalisco,Degollado,4599.0,18.25,27114.040008697542,0.16469225458127998,90.3353800735729
18014,Nayarit,Santa María del Oro,4387.66,8.389407265774379,9309.413003742315,0.15712407430660988,90.49250414787952
14057,Jalisco,La Manzanilla de la Paz,4332.1,11.94238456237078,24557.33357494056,0.15513444576463647,90.64763859364415
17030,Morelos,Yecapixtla,3990.42,7.901821782178218,23739.841758511633,0.14289873157778457,90.79053732522193
16081,Michoacán,Susupuato,3966.1400000000003,10.690404312668464,18776.395457548144,0.1420292538780165,90.93256657909996
15077,Estado de México,San Simón de Guerrero,3875.27,9.911176470588234,20835.30547290898,0.13877515838469162,91.07134173748464
17023,Morelos,Tlalnepantla,3724.0,9.5,21000.0,0.13335811177662243,91.20469984926126
16098,Michoacán,Tuxpan,3717.9900000000002,9.388863636363636,18202.091839945777,0.13314289097861562,91.33784274023988
14008,Jalisco,Arandas,3700.19,16.66752252252252,26976.89000024323,0.13250546498784657,91.47034820522772
12057,Guerrero,Técpan de Galeana,3457.79,7.028028455284553,14551.119154141807,0.12382501216973345,91.59417321739745
06003,Colima,Comala,3405.24,10.51,17466.839999530137,0.12194317307900801,91.71611639047646
17027,Morelos,Totolapan,3363.0,9.5,21300.0,0.12043053971664375,91.83654693019311
15080,Estado de México,Sultepec,3343.05,9.690000000000001,17746.6,0.11971612126069756,91.9562630514538
15063,Estado de México,Ocuilan,3238.41,10.480291262135921,17401.53610568149,0.1159689158857497,92.07223196733955
14016,Jalisco,Ayotlán,3218.97,17.59,26487.370000341725,0.11527276075875251,92.1875047280983
16059,Michoacán,Nuevo Urecho,3134.96,10.52,22548.69000242427,0.11226432494501619,92.29976905304332
15041,Estado de México,Ixtapan del Oro,3057.42,10.69027972027972,16967.75585951554,0.10948758273578973,92.40925663577912
14004,Jalisco,Amacueca,2852.7,12.100016966406514,21522.919823325272,0.10215646763296747,92.51141310341208
16094,Michoacán,Tlazazalca,2829.2,10.25072463768116,20089.224222395027,0.10131492208335666,92.61272802549544
19007,Nuevo León,Aramberri,2809.45,8.049999999999999,11999.390001601738,0.10060766571719439,92.71333569121263
31003,Yucatán,Akil,2761.13,27.750050251256283,10335.67128313408,0.09887730482539892,92.81221299603803
07099,Chiapas,La Trinitaria,2756.43,6.650012062726176,25415.193899355327,0.09870899571547674,92.91092199175351
10034,Durango,Tamazula,2684.7,7.85,19500.0,0.09614031221447321,93.00706230396798
17036,Morelos,Hueyapan,2669.5,9.5,22250.0,0.09559599339089517,93.10265829735889
10026,Durango,San Dimas,2606.2,7.85,19713.330001534803,0.09332919197428395,93.19598748933316
16039,Michoacán,Huiramba,2546.6,10.7,21798.18000078536,0.09119488921867527,93.28718237855183
10023,Durango,Pueblo Nuevo,2543.4,7.8500000000000005,19299.2400015727,0.09108029578213253,93.37826267433397
17007,Morelos,Cuernavaca,2527.0,9.5,27769.96,0.09049300441985095,93.46875567875382
16110,Michoacán,Zinapécuaro,2481.55,10.789347826086958,19194.14255203401,0.08886541951645474,93.55762109827027
18013,Nayarit,San Pedro Lagunillas,2370.75,9.083333333333334,21402.625291574397,0.0848976217761621,93.64251872004644
06005,Colima,Cuauhtémoc,2294.25,10.5,17392.28,0.08215812243381206,93.72467684248025
07111,Chiapas,Zinacantán,2285.5,6.53,29599.650002187704,0.08184478100576546,93.80652162348602
25004,Sinaloa,Concordia,2183.73,11.677700534759358,15608.28124356033,0.0782003516192169,93.88472197510524
14087,Jalisco,Tecalitlán,2120.38,11.218941798941799,24351.064092285345,0.0759317596801597,93.9606537347854
16073,Michoacán,Quiroga,2118.6,10.7,22339.16000188804,0.07586801708108279,94.03652175186647
12040,Guerrero,Leonardo Bravo,2115.35,8.813958333333334,11635.37122462004,0.07575163312209406,94.11227338498857
20410,Oaxaca,Santa María Ecatepec,2073.66,6.8,18312.53000009645,0.07425869550663558,94.1865320804952
20490,Oaxaca,Santiago Texcalcingo,2063.48,7.422589928057554,21723.182657452457,0.07389414513663398,94.26042622563183
31089,Yucatán,Ticul,1973.8,27.8,10410.570002026549,0.07068266407752347,94.33110888970936
14032,Jalisco,Chiquilistlán,1958.55,11.87,25603.31000485053,0.07013655473149943,94.40124544444086
30010,Veracruz,Altotonga,1898.1,11.1,16884.440003161057,0.0679718130943091,94.46921725753516
21188,Puebla,Tochimilco,1843.68,9.154319761668322,16351.75177362666,0.066023008464104,94.53524026599926
21050,Puebla,Chichiquila,1825.05,8.295681818181817,17577.36735431906,0.06535585980073169,94.6005961258
15008,Estado de México,Amatepec,1699.0,10.270825776810542,17035.727486756918,0.06084195271441502,94.66143807851441
16041,Michoacán,Irimbo,1680.48,9.182950819672131,17459.992978196704,0.06017874320042387,94.72161682171483
15123,Estado de México,Luvianos,1608.23,11.57,21262.400004974414,0.057591438265982155,94.77920825998082
16045,Michoacán,Jiquilpan,1602.3,10.9,21256.29000187231,0.05737908230388887,94.8365873422847
19043,Nuevo León,Rayones,1601.95,8.05,14105.670002184836,0.057366548646767004,94.89395389093147
14001,Jalisco,Acatic,1590.24,13.20797342192691,26565.21345834591,0.056947208289918394,94.95090109922138
14006,Jalisco,Ameca,1540.48,13.28,17329.009996884088,0.05516528035167867,95.00606637957306
20058,Oaxaca,Mazatlán Villa de Flores,1524.78,6.622280130293159,17984.523832946394,0.054603056303640804,95.06066943587669
16054,Michoacán,Morelos,1519.98,10.34,21206.720002894774,0.0544311661488267,95.11510060202552
14058,Jalisco,Mascota,1507.28,11.919968366943456,28767.86634202006,0.05397637344754766,95.16907697547308
15015,Estado de México,Atlautla,1476.56,9.296480513756846,21664.86969713388,0.05287627645673729,95.22195325192982
16022,Michoacán,Charo,1463.3300000000002,9.320573248407644,19444.00574033198,0.05240250421753087,95.27435575614734
07011,Chiapas,Bella Vista,1449.7,6.65,20962.190004828586,0.0519144077987566,95.3262701639461
30047,Veracruz,Coscomatepec,1443.0,11.1,16499.45,0.05167447779099521,95.3779446417371
14048,Jalisco,Jesús María,1399.49,10.52248120300752,26300.93000307255,0.050116365158503054,95.4280610068956
21019,Puebla,Atlixco,1393.21,8.600061728395062,14486.803008878776,0.049891475539287904,95.47795248243489
15049,Estado de México,Joquicingo,1381.8,9.87,22041.330004342162,0.049482878317115175,95.52743536075201
15094,Estado de México,Tepetlixpa,1373.76,9.81257142857143,27080.168289948757,0.049194962307801515,95.57663032305982
30086,Veracruz,Jalacingo,1322.5,13.225,14658.68,0.04735931869618238,95.623989641756
15034,Estado de México,Ecatzingo,1301.96,9.870062921689032,22500.0,0.046623772075373625,95.67061341383138
15068,Estado de México,Ozumba,1288.22,9.720947781466949,22764.875836425457,0.0461317365072182,95.7167451503386
14012,Jalisco,Atenguillo,1278.9,12.180000000000001,22551.699999999997,0.04579798312328745,95.76254313346189
07094,Chiapas,Teopisca,1270.46,6.683114150447134,28742.548557215498,0.045495742934405954,95.8080388763963
31047,Yucatán,Maní,1267.18,27.85010989010989,10441.798797329502,0.04537828466194964,95.85341716105825
17032,Morelos,Zacualpan de Amilpas,1259.12,9.326814814814814,20780.836163352185,0.045089652443657584,95.89850681350191
21174,Puebla,Teziutlán,1235.92,7.356666666666667,16671.743332901806,0.04425885002872267,95.94276566353064
15082,Estado de México,Tejupilco,1206.06,11.570030698388335,18184.171757624,0.043189550023983156,95.98595521355462
31025,Yucatán,Dzán,1193.25,27.75,10468.729997904882,0.04273081817332297,96.02868603172794
14112,Jalisco,Valle de Juárez,1183.48,13.16440489432703,25103.19997803089,0.0423809500873784,96.07106698181532
13024,Hidalgo,Huasca de Ocampo,1111.03,9.258583333333332,13645.803632665185,0.039786483063152744,96.11085346487847
30071,Veracruz,Huatusco,1093.35,11.1,16563.24000548772,0.03915335432625407,96.15000681920473
14027,Jalisco,Cuautitlán de García Barragán,1035.0,7.666666666666667,11371.83,0.03706381463179491,96.18707063383653
14088,Jalisco,Tecolotlán,1005.0,16.75,25461.54,0.03598950116420665,96.22306013500074
16061,Michoacán,Ocampo,1003.0999999999999,10.558947368421052,19304.38573422391,0.03592146131125939,96.258981596312
12062,Guerrero,Tlacoachistlahuaca,999.6,5.88,8360.0,0.03579612474004076,96.29477772105204
30023,Veracruz,Atzalan,999.0,11.1,16626.91,0.035774638470689,96.33055235952273
14018,Jalisco,La Barca,975.6,16.26,26456.35,0.03493667396597016,96.3654890334887
20434,Oaxaca,Santa María Teopoxco,975.39,7.241202672605791,21761.066383702928,0.03492915377169704,96.4004181872604
14099,Jalisco,Tolimán,947.15,8.280730897009967,26218.68398880853,0.03391786669420729,96.43433605395461
14107,Jalisco,Tuxcueca,928.03,17.509999999999998,26231.71999827592,0.033233170910864376,96.46756922486547
07119,Chiapas,Santiago El Pinar,914.94,6.630000000000001,29461.469998032655,0.032764412134506704,96.50033363699998
14011,Jalisco,Atengo,910.0,14.0,27457.39,0.03258750851684383,96.53292114551682
25016,Sinaloa,San Ignacio,893.0,8.93,16000.0,0.031978730885210485,96.56489987640204
16026,Michoacán,Chinicuila,871.24,9.47,20115.33000091823,0.0311994955167198,96.59609937191875
07041,Chiapas,La Independencia,855.25,7.918981481481482,18710.239999999998,0.03062688643849526,96.62672625835725
07019,Chiapas,Comitán de Domínguez,854.38,7.209957805907173,24449.730003043143,0.0305957313479352,96.65732198970518
21206,Puebla,Zacapala,838.2,8.731250000000001,22438.253996659507,0.030016318284415935,96.68733830798959
17020,Morelos,Tepoztlán,836.0,9.5,21300.0,0.029937535296792793,96.71727584328639
12029,Guerrero,Chilpancingo de Los Bravo,835.2,8.700000000000001,9987.0,0.02990888693765711,96.74718473022405
20428,Oaxaca,Santa María Quiegolani,821.1,6.8,18465.670003653635,0.02940395960789063,96.77658868983194
07006,Chiapas,Amatenango de La Frontera,817.95,6.65,20962.190011614402,0.02929115669379386,96.80587984652573
16072,Michoacán,Queréndaro,808.5899999999999,10.639342105263157,18630.04975327422,0.02895597089190632,96.83483581741763
12012,Guerrero,Ayutla de Los Libres,800.4,6.96,13236.3400049975,0.028662683315254726,96.86349850073289
30079,Veracruz,Ixhuacán de Los Reyes,799.2,11.100000000000001,19522.437512512508,0.028619710776551198,96.89211821150944
12071,Guerrero,Xochistlahuaca,795.0,6.36,8360.0,0.02846930689108884,96.92058751840052
13036,Hidalgo,San Agustín Metzquititlán,793.6,6.2,25899.58999495968,0.02841917226260139,96.94900669066313
06007,Colima,Manzanillo,781.2,9.3,17461.319994879672,0.027975122695998243,96.97698181335912
14024,Jalisco,Cocula,774.8,11.92,27255.970005162624,0.027745935822912748,97.00472774918202
30029,Veracruz,Calcahualco,774.79,11.474970379146919,15389.689722376386,0.02774557771842355,97.03247332690044
14096,Jalisco,Tizapán El Alto,771.85,17.95,23451.319997408824,0.027640294998599903,97.06011362189905
14015,Jalisco,Autlán de Navarro,771.82,10.430000000000001,25147.15000906947,0.027639220685132315,97.08775284258418
07049,Chiapas,Larráinzar,771.38,6.802292768959435,27522.342723430735,0.027623464087607685,97.11537630667179
06008,Colima,Minatitlán,770.68,10.630068965517241,20568.77999948098,0.027598396773363957,97.14297470344516
14003,Jalisco,Ahualulco de Mercado,765.68,11.26,21041.619997910355,0.027419344528765918,97.17039404797393
15119,Estado de México,Zumpahuacán,762.24,11.91,17405.140008396305,0.027296156584482468,97.19769020455841
17026,Morelos,Tlayacapan,741.0,9.5,14404.689999999999,0.026535542649429977,97.22422574720784
06010,Colima,Villa de Álvarez,726.26,10.47994227994228,18619.629994767714,0.026007696632354946,97.25023344384019
01003,Aguascalientes,Calvillo,726.05,12.999999999999998,15800.000000000002,0.026000176438081828,97.27623362027828
07112,Chiapas,San Juan Cancuc,715.21,6.622314814814815,28265.0599963647,0.02561199117179327,97.30184561145008
12052,Guerrero,San Luis Acatlán,710.02,5.42,7825.0,0.025426134941900498,97.32727174639197
21169,Puebla,Tepexi de Rodríguez,707.3,8.321176470588235,21127.24445072812,0.025328730520839164,97.35260047691281
14068,Jalisco,Villa Purificación,705.65,6.415,29800.0,0.02526964328012181,97.37787012019294
31062,Yucatán,Sacalum,692.5,27.7,11951.550007220216,0.024798735876828962,97.40266885606977
31053,Yucatán,Muna,690.0,17.25,11378.58,0.024709209754529938,97.4273780658243
30092,Veracruz,Xico,666.0,11.1,19512.64,0.023849758980459334,97.45122782480476
14092,Jalisco,Teocuitatlán de Corona,660.06,12.100091659028413,23469.889994848956,0.023637044913876852,97.47486486971864
14050,Jalisco,Jocotepec,656.38,17.74,24262.100003047013,0.023505262461852694,97.4983701321805
21199,Puebla,Xiutetelco,634.75,6.681578947368421,16395.409814887753,0.022730682451721565,97.52110081463222
16016,Michoacán,Coeneo,631.2,10.520000000000001,21009.649999999998,0.022603555358056953,97.54370436999028
19024,Nuevo León,General Zaragoza,627.9,8.049999999999999,19814.760009555663,0.022485380876622243,97.5661897508669
16002,Michoacán,Aguililla,621.0,13.8,20632.41,0.022238288779076944,97.58842803964598
30008,Veracruz,Alpatláhuac,618.47,11.485051067780873,15305.961938331688,0.022147688343310337,97.61057572798929
21207,Puebla,Zacapoaxtla,608.6,7.421951219512195,18619.90483075912,0.0217942392124738,97.63236996720175
13012,Hidalgo,Atotonilco El Grande,606.55,9.943442622950819,12492.150737779244,0.021720827792188598,97.65409079499395
14009,Jalisco,El Arenal,605.28,11.005090909090908,24731.305709754164,0.021675348522060697,97.67576614351601
16100,Michoacán,Tzintzuntzan,599.2,10.700000000000001,22722.149999999998,0.02145762099262948,97.69722376450865
15007,Estado de México,Amanalco,595.86,11.570097087378642,12252.5271875944,0.021338014093237986,97.71856177860188
30080,Veracruz,Ixhuatlán del Café,594.96,11.1,16305.499999999998,0.02130578468921034,97.73986756329109
07057,Chiapas,Motozintla,592.4,5.289285714285714,20962.190006752193,0.021214109939976137,97.76108167323106
21186,Puebla,Tlatlauquitepec,588.26,6.394130434782609,15932.21636691259,0.021065854681448958,97.78214752791251
14045,Jalisco,Ixtlahuacán del Río,585.06,11.94,27691.140002734763,0.02095126124490621,97.80309878915742
21058,Puebla,Chilchotla,582.09,7.7612000000000005,16676.44463914515,0.020844904211614973,97.82394369336903
24011,San Luis Potosí,Ciudad Fernández,580.45,8.930000000000001,12299.999999999998,0.020786175075386815,97.84472986844442
07078,Chiapas,San Cristóbal de Las Casas,573.02,6.5488,28881.527573208616,0.020520103439914124,97.86524997188434
20540,Oaxaca,Villa de Tamazulápam del Progreso,567.95,8.267103347889375,16190.966299850339,0.02033854446389171,97.88558851634824
20276,Oaxaca,San Miguel Santa Flor,567.49,7.516423841059603,18214.100037005057,0.02032207165738869,97.90591058800563
14105,Jalisco,Tototlán,549.0,18.3,26825.129999999997,0.019659936456865125,97.92557052446249
18004,Nayarit,Compostela,548.39,8.436769230769231,19161.096719487956,0.019638092083024163,97.94520861654551
14119,Jalisco,Zacoalco de Torres,533.61,12.1,24398.010007308705,0.01910881364799235,97.9643174301935
21039,Puebla,Cuautempan,532.12,7.390555555555555,19761.194824475682,0.019055456079102133,97.9833728862726
20478,Oaxaca,Santiago Nacaltepec,521.76,7.507338129496403,18622.08764566084,0.018684459828294985,98.0020573461009
07023,Chiapas,Chamula,516.69,6.710259740259741,19830.50000967698,0.018502900852272575,98.02056024695317
13062,Hidalgo,Tepehuacán de Guerrero,510.25,7.85,20602.010014698677,0.018272281561230293,98.03883252851439
12011,Guerrero,Atoyac de Álvarez,505.76,6.484102564102564,15226.514156912372,0.018111492645581248,98.05694402115998
14083,Jalisco,Tala,500.0,9.900990099009901,28022.17,0.017905224459804303,98.07484924561979
07007,Chiapas,Amatenango del Valle,498.57,6.525785340314136,20464.98375353511,0.01785401551784926,98.09270326113764
21075,Puebla,Hueyapan,498.0,6.0,9438.27,0.017833603561965086,98.11053686469961
18003,Nayarit,Amatlán de Cañas,497.96999999999997,8.031774193548387,9235.848565174609,0.017832529248497497,98.1283693939481
14065,Jalisco,Pihuamo,489.6,10.200000000000001,24584.46999591503,0.017532795791040376,98.14590218973915
14062,Jalisco,Mixtlán,489.0,12.538461538461538,22825.2,0.017511309521688608,98.16341349926084
07010,Chiapas,Bejucal de Ocampo,485.0,4.217391304347826,14226.0,0.017368067726010173,98.18078156698685
21069,Puebla,Huaquechula,477.05,7.950833333333334,13512.554973273242,0.017083374657099287,98.19786494164396
15050,Estado de México,Juchitepec,470.21,9.870067170445004,27789.940877480276,0.016838431186489162,98.21470337283044
16101,Michoacán,Tzitzio,470.0,10.0,19185.420000000002,0.016830910992216046,98.23153428382265
14114,Jalisco,Villa Corona,468.6,14.200000000000001,26845.469995731968,0.016780776363728593,98.24831506018639
16034,Michoacán,Hidalgo,465.92,8.96,18211.890002575547,0.016684804360624042,98.26499986454701
16048,Michoacán,Lagunillas,460.1,10.700000000000001,21753.79000217344,0.01647638754791192,98.28147625209492
13002,Hidalgo,Acaxochitlán,460.01,7.85,20107.71000630421,0.016473164607509156,98.29794941670242
07113,Chiapas,Aldama,453.6,6.300000000000001,18801.58000440917,0.016243619629934467,98.31419303633236
16046,Michoacán,Juárez,445.1,10.990123456790124,20191.853179060883,0.015939230814117793,98.33013226714647
14077,Jalisco,San Martín Hidalgo,442.8,12.3,27725.479990966574,0.015856866781602693,98.34598913392807
14002,Jalisco,Acatlán de Juárez,429.0,14.3,9308.43,0.015362682586512091,98.36135181651458
13053,Hidalgo,San Bartolo Tutotepec,428.61,7.85,26370.890016565176,0.015348716511433446,98.37670053302602
13037,Hidalgo,Metztitlán,423.3,8.3,22755.139995275218,0.015158563027670323,98.3918590960537
21204,Puebla,Yaonáhuac,422.29,7.408596491228071,17857.9716782306,0.01512239447426152,98.40698149052795
14044,Jalisco,Ixtlahuacán de Los Membrillos,421.44,17.56,24195.41998861048,0.01509195559267985,98.42207344612063
07093,Chiapas,Tenejapa,419.82,6.370561456752655,28073.199633176122,0.015033942665430084,98.43710738878606
14124,Jalisco,Zapotlanejo,412.17,12.49,18135.659994662397,0.01475999273119508,98.45186738151726
12055,Guerrero,Taxco de Alarcón,408.07,6.520773410035155,14810.401842821084,0.014613169890624684,98.46648055140788
14118,Jalisco,Yahualica de González Gallo,394.8,14.1,27887.639994934143,0.014137965233461478,98.48061851664134
12056,Guerrero,Tecoanapa,392.64,4.09,13662.329996943765,0.014060614663795122,98.49467913130513
20234,Oaxaca,San Lucas Zoquiápam,383.43,7.234528301886793,18580.50001304019,0.013730800429245528,98.50840993173438
12048,Guerrero,Petatlán,380.61,7.462941176470588,15030.02540658417,0.013629814963292231,98.52203974669767
14097,Jalisco,Tlajomulco de Zúñiga,378.0,14.0,13269.14,0.013536349691612052,98.53557609638928
14120,Jalisco,Zapopan,368.75,14.75,17700.24,0.013205103039105673,98.54878119942839
14084,Jalisco,Talpa de Allende,367.2,11.475,27859.340005446626,0.01314959684328028,98.56193079627167
18002,Nayarit,Ahuacatlán,360.38,9.74,9337.45002497364,0.01290536958164855,98.57483616585331
15117,Estado de México,Zacualpan,358.53,9.69,16063.240007809669,0.012839120251147274,98.58767528610446
22002,Querétaro,Pinal de Amoles,357.2,8.93,22001.460022396415,0.012791492354084194,98.60046677845854
13043,Hidalgo,Nicolás Flores,350.0,7.142857142857143,26033.39697142857,0.012533657121863013,98.6130004355804
12044,Guerrero,Mochitlán,348.59000000000003,8.013563218390805,10772.652657850196,0.012483164388886364,98.62548359996929
22004,Querétaro,Cadereyta de Montes,346.04,8.440000000000001,19534.59001849497,0.012391847744141362,98.63787544771343
20108,Oaxaca,San Antonio Huitepec,344.4,8.2,22254.030023228806,0.012333118607913205,98.65020856632134
16047,Michoacán,Jungapeo,344.38,9.435068493150684,17623.73593123875,0.012332402398934812,98.66254096872028
31098,Yucatán,Tzucacab,342.7,29.8,10000.0,0.01227224084474987,98.67481320956503
04002,Campeche,Campeche,341.36,9.753142857142857,11184.265906960392,0.012224254843197594,98.68703746440823
25001,Sinaloa,Ahome,341.33000000000004,10.250150150150152,8951.754196818327,0.012223180529730008,98.69926064493797
18006,Nayarit,Ixtlán del Río,336.52,8.628717948717949,9285.231903007252,0.012050932270426688,98.71131157720839
20187,Oaxaca,San Juan Coatzóspam,335.98,4.851696750902527,16875.483332341213,0.0120315946280101,98.7233431718364
15097,Estado de México,Texcaltitlán,333.69,10.764193548387096,18399.32997692469,0.011949588699984196,98.73529276053638
14080,Jalisco,San Sebastián del Oeste,332.8,10.4,26772.510006009616,0.011917717400445746,98.74721047793683
07064,Chiapas,Oxchuc,323.78,6.462674650698602,23223.077367348204,0.011594707151190873,98.75880518508802
07075,Chiapas,Las Rosas,322.18,5.955268022181146,26882.72040474269,0.0115374104329195,98.77034259552094
20031,Oaxaca,Tamazulápam del Espíritu Santo,318.43,4.861526717557252,15215.383569387306,0.011403121249470969,98.78174571677042
21200,Puebla,Xochiapulco,317.61,7.3862790697674425,18400.08538773968,0.01137375668135689,98.79311947345177
20517,Oaxaca,Santo Domingo Tepuxtepec,317.17,4.656731757451182,15160.040167733392,0.011358000083832262,98.8044774735356
07104,Chiapas,Tzimol,315.81,7.609879518072289,25093.02998638422,0.011309297873301595,98.8157867714089
22013,Querétaro,Peñamiller,312.55,8.93,22083.75002399616,0.01119255580982367,98.82697932721872
12046,Guerrero,Ometepec,312.4,5.68,8625.0,0.011187184242485727,98.83816651146121
20024,Oaxaca,Cuyamecalco Villa de Zaragoza,310.83,7.313647058823529,18593.091110896636,0.011130961837681943,98.84929747329889
12022,Guerrero,Coyuca de Catalán,310.2,10.34,9206.35,0.01110840125486259,98.86040587455375
07038,Chiapas,Huixtán,306.15,4.71,19258.75998693451,0.010963368936738174,98.87136924349049
20527,Oaxaca,Santos Reyes Pápalo,299.8,7.224096385542169,18954.536657771845,0.01073597258609866,98.8821052160766
20220,Oaxaca,San Juan Tepeuxila,295.67,7.167757575757576,17945.36956742314,0.010588075432060678,98.89269329150865
12058,Guerrero,Teloloapan,290.4,8.297142857142857,11054.350000000002,0.010399354366254339,98.9030926458749
11009,Guanajuato,Comonfort,288.3,9.009375,9736.336142906694,0.01032415242352316,98.91341679829843
20028,Oaxaca,Heroica Ciudad de Ejutla de Crespo,285.09,6.700117508813161,17739.54000491073,0.010209200882491217,98.92362599918091
20388,Oaxaca,Santa Inés del Monte,278.8,8.200000000000001,22225.749999999996,0.00998395315878688,98.9336099523397
20123,Oaxaca,San Bernardo Mixtepec,278.8,8.200000000000001,22213.430021520802,0.00998395315878688,98.94359390549847
14017,Jalisco,Ayutla,278.61,10.593536121673004,27301.390797171673,0.009977149173492154,98.95357105467197
07026,Chiapas,Chenalhó,275.13,6.182696629213483,19786.120561189255,0.009852528811251916,98.96342358348322
31079,Yucatán,Tekax,274.68,8.451692307692309,10196.353065385174,0.009836414109238092,98.97325999759246
21208,Puebla,Zacatlán,274.58,6.3855813953488365,17780.449777842525,0.009832833064346132,98.98309283065682
14036,Jalisco,Etzatlán,274.39,11.93,27364.239986879988,0.009826029079051404,98.99291885973587
13020,Hidalgo,Eloxochitlán,265.36,5.896888888888889,20000.0,0.009502660725307342,99.00242152046117
16099,Michoacán,Tuzantla,263.5,15.5,19057.719999999998,0.009436053290316868,99.01185757375148
20019,Oaxaca,Concepción Pápalo,262.51,7.14312925170068,18117.222696278237,0.009400600945886455,99.02125817469737
24054,San Luis Potosí,Xilitla,259.05,7.8500000000000005,20283.28002316155,0.00927669679262461,99.03053487148999
10002,Durango,Canelas,258.97,8.930000000000001,15096.920029347026,0.009273831956711042,99.0398087034467
30025,Veracruz,Ayahualulco,256.38,10.2552,15588.55597160465,0.009181082894009254,99.0489897863407
14094,Jalisco,Tequila,252.0,12.0,28460.21,0.009024233127741369,99.05801401946844
20565,Oaxaca,Villa de Zaachila,250.1,8.2,22370.840023990404,0.008956193274794112,99.06697021274324
15040,Estado de México,Ixtapan de La Sal,245.88,10.245,16431.992028631856,0.008805073180353364,99.0757752859236
12026,Guerrero,Cuetzala del Progreso,245.5,9.442307692307692,9450.0,0.008791465209763913,99.08456675113337
21172,Puebla,Tetela de Ocampo,244.79,5.692790697674418,15586.97234364149,0.00876603979103099,99.09333279092439
31066,Yucatán,Santa Elena,241.5,8.05,11357.370020703933,0.008648223414085478,99.10198101433848
19044,Nuevo León,Sabinas Hidalgo,241.5,8.05,11200.0,0.008648223414085478,99.11062923775256
22015,Querétaro,San Joaquín,236.32,8.44,22603.140022004063,0.008462725288681906,99.11909196304124
20041,Oaxaca,Huautla de Jiménez,231.25,6.607142857142857,18489.579329729728,0.00828116631265949,99.1273731293539
22018,Querétaro,Tolimán,227.88,8.44,21796.61001404248,0.00816048509980041,99.13553361445369
20208,Oaxaca,San Juan Mixtepec,224.68,5.48,16347.230016022788,0.008045891663257662,99.14357950611695
14007,Jalisco,San Juanito de Escobedo,224.39,11.809999999999999,28091.589999554348,0.008035506633070975,99.15161501275001
21054,Puebla,Chignautla,223.9,6.784848484848485,16673.154756587763,0.008017959513100368,99.15963297226311
08027,Chihuahua,Guachochi,219.0,7.3,29000.0,0.007842488313394286,99.16747546057651
12075,Guerrero,Eduardo Neri,218.19,7.038387096774193,9941.14198634218,0.007813481849769401,99.17528894242628
20048,Oaxaca,Magdalena Mixtepec,217.3,8.200000000000001,22603.530004601933,0.00778161055023095,99.1830705529765
20244,Oaxaca,San Martín Toxpalan,216.23,5.580129032258064,18123.827914720438,0.007743293369886968,99.19081384634639
12038,Guerrero,Zihuatanejo de Azueta,215.8,6.53939393939394,17852.77891566265,0.0077278948768515375,99.19854174122324
11020,Guanajuato,León,215.4,7.180000000000001,21729.25,0.007713570697283694,99.20625531192051
12016,Guerrero,Coahuayutla de José María Izazaga,210.45,6.189705882352941,14350.500023758614,0.007536308975131631,99.21379162089565
13014,Hidalgo,Calnali,208.03,7.850188679245283,21763.600009613998,0.007449647688746178,99.2212412685844
16089,Michoacán,Tepalcatepec,207.1,10.9,23278.890004828587,0.007416343971250942,99.22865761255565
03008,Baja California Sur,Los Cabos,206.64,7.38,24650.0,0.007399871164747922,99.2360574837204
14063,Jalisco,Ocotlán,206.57,15.889999999999999,26879.910006293267,0.007397364433323549,99.24345484815372
27003,Tabasco,Centla,202.62,9.21,7695.7400059224165,0.007255913160091096,99.25071076131381
20436,Oaxaca,Santa María Texcatitlán,202.14,7.85009708737864,17396.124863955676,0.007238724144609684,99.25794948545843
11037,Guanajuato,Silao de La Victoria,200.4,5.894117647058824,15781.437125748502,0.007176413963489565,99.26512589942192
17009,Morelos,Huitzilac,199.5,9.5,14404.690025062657,0.007144184559461917,99.27227008398138
20438,Oaxaca,Santa María Tlalixtac,195.85,7.6803921568627445,17937.279142200667,0.007013476420905345,99.27928356040229
20425,Oaxaca,Santa María Pápalo,194.34,7.547184466019417,18963.6697025831,0.006959402643036736,99.28624296304532
25018,Sinaloa,Navolato,189.64,10.25081081081081,11292.779371440623,0.006791093533114575,99.29303405657843
20271,Oaxaca,San Miguel Mixtepec,188.6,8.2,22575.160021208907,0.006753850666238182,99.29978790724468
20295,Oaxaca,San Pablo Huixtepec,184.5,8.2,22362.29002710027,0.006607027825667788,99.30639493507034
10037,Durango,Topia,183.96,8.930097087378641,18750.876168732335,0.006587690183251199,99.3129826252536
08029,Chihuahua,Guadalupe Y Calvo,182.0,6.7407407407407405,10248.34,0.006517501703368766,99.31950012695697
11012,Guanajuato,Cuerámaro,182.0,7.583333333333333,25000.0,0.006517501703368766,99.32601762866034
07053,Chiapas,Mazapa de Madero,172.9,6.65,20962.19005205321,0.006191626618200329,99.33220925527854
20148,Oaxaca,San Francisco Ozolotepec,172.86,6.7,17863.36000231401,0.0061901942002435435,99.33839944947879
21175,Puebla,Tianguismanalco,172.7,7.85,14499.33161551824,0.006184464528416406,99.3445839140072
20193,Oaxaca,San Juan del Estado,172.2,8.2,21843.240011614405,0.006166559303956602,99.35075047331117
07001,Chiapas,Acacoyagua,171.72,5.3999999999999995,10248.339972047519,0.006149370288475189,99.35689984359963
21085,Puebla,Izúcar de Matamoros,171.45,8.792307692307691,17493.411431904344,0.0061397014672668945,99.3630395450669
17029,Morelos,Yautepec,171.4,9.522222222222222,19939.90665110852,0.006137910944820916,99.36917745601171
20139,Oaxaca,San Francisco Chapulapa,169.23,7.504656319290465,18523.503515925073,0.006060202270665364,99.37523765828237
16076,Michoacán,Sahuayo,168.0,12.0,21340.829999999998,0.006016155418494246,99.38125381370087
11039,Guanajuato,Tarimoro,167.4,9.3,12324.320011947431,0.005994669149142481,99.38724848285001
11007,Guanajuato,Celaya,162.33,9.018333333333334,10711.262551592434,0.005813110173120066,99.39306159302313
15078,Estado de México,Santo Tomás,161.98,11.569999999999999,12252.630016051366,0.005800576515998202,99.39886216953913
14030,Jalisco,Chapala,161.46,17.94,25776.91998018085,0.005781955082560006,99.40464412462168
15090,Estado de México,Tenango del Valle,157.92,9.87,21000.0,0.005655186093384591,99.41029931071506
20554,Oaxaca,Totontepec Villa de Morelos,153.67,4.9811993517017825,15110.978265113556,0.005502991685476254,99.41580230240054
20378,Oaxaca,Santa Cruz Mixtepec,151.7,8.2,22519.230059327623,0.005432445101104625,99.42123474750164
12051,Guerrero,Quechultenango,150.95000000000002,7.020930232558141,10621.930705531631,0.0054055872644149195,99.42664033476606
32033,Zacatecas,Moyahua de Estrada,150.3,8.350000000000001,15499.999999999998,0.005382310472617174,99.43202264523867
21017,Puebla,Atempan,150.0,6.0,15000.0,0.005371567337941291,99.43739421257662
20027,Oaxaca,Chiquihuitlán de Benito Juárez,149.91,7.421287128712871,18491.906543926358,0.005368344397538526,99.44276255697416
20374,Oaxaca,Santa Cruz Acatepec,149.08,6.700224719101124,18092.093238529644,0.005338621724935252,99.44810117869909
19008,Nuevo León,Bustamante,148.93,8.050270270270271,11235.622775800712,0.0053332501575973105,99.45343442885668
14055,Jalisco,Magdalena,146.4,12.200000000000001,27956.290027322404,0.0052426497218307005,99.45867707857852
20163,Oaxaca,San Jerónimo Tecóatl,145.43,6.5215246636771305,21716.50354122258,0.00520791358637868,99.46388499216489
30201,Veracruz,Zongolica,145.22,4.73029315960912,14782.469976587246,0.005200393392105562,99.469085385557
14089,Jalisco,Techaluta de Montenegro,145.2,12.1,23360.870041322316,0.0051996771831271694,99.47428506274012
11015,Guanajuato,Guanajuato,143.0,6.5,12000.0,0.005120894195504031,99.47940595693562
03001,Baja California Sur,Comondú,142.88,8.93,16000.0,0.0051165969416336774,99.48452255387726
26042,Sonora,Navojoa,142.88,8.93,12324.320058790594,0.0051165969416336774,99.48963915081889
20337,Oaxaca,San Pedro Y San Pablo Ayutla,142.4,4.827118644067797,15205.038623595505,0.005099407926152266,99.49473855874504
11001,Guanajuato,Abasolo,141.1,8.299999999999999,25000.0,0.0050528543425567745,99.49979141308759
20003,Oaxaca,Asunción Cacalotepec,140.65,4.8500000000000005,15235.335940277284,0.00503673964054295,99.50482815272814
20273,Oaxaca,San Miguel Peras,139.4,8.200000000000001,22084.460043041607,0.00499197657939344,99.50982012930753
20555,Oaxaca,Trinidad Zaachila,139.4,8.200000000000001,22403.38005738881,0.00499197657939344,99.51481210588692
14075,Jalisco,San Marcos,136.2,11.35,26202.24001468429,0.004877383142850691,99.51968948902977
20104,Oaxaca,San Antonino El Alto,135.3,8.200000000000001,22358.160014781963,0.004845153738823045,99.5245346427686
12036,Guerrero,Igualapa,135.26,5.830172413793103,8095.0,0.004843721320866259,99.52937836408947
29029,Tlaxcala,Tepeyanco,133.95,8.93,16411.420007465473,0.004796809632781573,99.53417517372225
13068,Hidalgo,Tianguistengo,133.45,7.85,19872.280029973776,0.004778904408321768,99.53895407813057
21010,Puebla,Ajalpan,131.25,7.094594594594595,14777.437333333333,0.004700121420698629,99.54365419955127
20520,Oaxaca,Santo Domingo Tonalá,131.2,8.2,18139.0,0.004698330898252649,99.54835253044952
16086,Michoacán,Tanhuato,131.0,13.1,21142.3,0.004691168808468728,99.55304369925798
21217,Puebla,Zoquitlán,130.49,7.675882352941177,16741.70771706644,0.0046729054795197275,99.55771660473751
32020,Zacatecas,Jerez,128.8,8.05,14999.999999999998,0.0046123858208455895,99.56232899055836
15066,Estado de México,Otzoloapan,128.31,9.870000000000001,10728.520068583897,0.00459483870087498,99.56692382925924
31070,Yucatán,Sucilá,126.6,8.44,12787.040047393366,0.00453360283322245,99.57145743209246
13073,Hidalgo,Tlanchinol,125.6,7.85,21711.960031847135,0.004497792384302841,99.57595522447676
20437,Oaxaca,Santa María Tlahuitoltepec,120.22,6.411733333333333,15177.577857261685,0.0043051321691153464,99.58026035664588
14098,Jalisco,San Pedro Tlaquepaque,118.8,14.85,22122.800000000003,0.0042542813316495025,99.58451463797753
13060,Hidalgo,Tenango de Doria,117.75,7.85,21918.340042462845,0.004216680360283913,99.58873131833782
20023,Oaxaca,Cuilápam de Guerrero,114.8,8.2,22327.220034843205,0.004111039535971068,99.59284235787379
13059,Hidalgo,Tecozautla,114.7,7.4,8883.259982563208,0.0041074584910791075,99.59694981636487
20211,Oaxaca,San Juan Ozolotepec,114.57,6.699999999999999,17681.97006197085,0.004102803132719558,99.6010526194976
14067,Jalisco,Puerto Vallarta,113.0,7.533333333333333,19150.0,0.004046580727915773,99.60509920022551
07080,Chiapas,Siltepec,112.71,6.63,14223.500044361635,0.004036195697729086,99.60913539592323
16067,Michoacán,Penjamillo,112.2,10.200000000000001,20027.66007130125,0.0040179323687800856,99.61315332829201
04008,Campeche,Tenabo,110.86,11.669473684210526,14954.899963918455,0.00396994636722781,99.61712327465925
30137,Veracruz,Los Reyes,108.79,4.73,14818.960014707232,0.0038958187379642207,99.62101909339721
11005,Guanajuato,Apaseo El Grande,108.6,9.049999999999999,10420.554788213629,0.0038890147526694945,99.62490810814988
20491,Oaxaca,Santiago Textitlán,108.5,7.75,22993.51004608295,0.003885433707777534,99.62879354185766
21018,Puebla,Atexcal,106.6,8.2,19093.307692307695,0.003817393854830277,99.63261093571249
20200,Oaxaca,San Juan Juquila Mixes,106.32,5.554858934169278,15236.573551542515,0.003807366929132787,99.63641830264163
20255,Oaxaca,San Mateo Sindihui,104.86,6.700319488817891,29498.593362578675,0.0037550836737101586,99.64017338631534
27002,Tabasco,Cárdenas,103.95,2.97,13655.670033670032,0.003722496165193315,99.64389588248054
11027,Guanajuato,Salamanca,103.39999999999999,7.385714285714285,22350.097969052225,0.0037028004182875296,99.64759868289882
20045,Oaxaca,Magdalena Apasco,103.32,8.2,22048.430023228804,0.003699935582373961,99.65129861848119
20545,Oaxaca,Teotitlán de Flores Magón,100.92,5.396791443850268,18692.103547364248,0.0036139905049669004,99.65491260898617
14020,Jalisco,Cabo Corrientes,98.67,7.59,18735.74004256613,0.0035334169948977815,99.65844602598106
20294,Oaxaca,San Pablo Huitzo,98.4,8.200000000000001,21855.840040650408,0.003523748173689487,99.66196977415476
11023,Guanajuato,Pénjamo,98.1,16.349999999999998,20816.292048929663,0.0035130050390136036,99.66548277919377
20431,Oaxaca,Santa María Tecomavaca,96.38,5.354444444444444,15000.0,0.003451411066871877,99.66893419026064
21033,Puebla,Cohuecan,96.0,6.0,13514.92,0.0034378030962824257,99.67237199335692
16050,Michoacán,Maravatío,96.0,10.666666666666666,18296.359166666665,0.0034378030962824257,99.6758097964532
14038,Jalisco,Guachinango,96.0,9.6,23024.289999999997,0.0034378030962824257,99.67924759954947
07110,Chiapas,San Lucas,95.1,6.34,11859.16004206099,0.003405573692254778,99.68265317324172
21148,Puebla,Santa Isabel Cholula,93.0,9.3,18826.19,0.0033303717495236002,99.68598354499125
19017,Nuevo León,Galeana,90.45,6.957692307692308,19004.97512437811,0.003239055104778599,99.68922260009603
21173,Puebla,Teteles de Avila Castillo,90.0,6.0,15000.0,0.0032229404027647743,99.6924455404988
25013,Sinaloa,Mocorito,89.3,8.93,8800.0,0.0031978730885210485,99.69564341358732
20549,Oaxaca,"H. V. Tezoatlán de Segura y Luna, C. de la I.de O.",88.97,8.2,18126.35000561987,0.003186055640377578,99.6988294692277
20336,Oaxaca,San Pedro Yólox,88.32,7.850666666666666,28690.120018115944,0.003162778848579832,99.70199224807628
14081,Jalisco,Santa María de Los Ángeles,85.23,9.47,17785.2400563182,0.0030521245614182416,99.7050443726377
20435,Oaxaca,Santa María Tepantlali,85.18,4.4134715025906734,15290.108710965014,0.003050334038972261,99.70809470667668
30024,Veracruz,Tlaltetela,84.81,11.100785340314136,14785.999999999998,0.003037084172872006,99.71113179084955
20177,Oaxaca,San Juan Bautista Cuicatlán,84.47999999999999,5.279999999999999,14201.921283143942,0.0030252667247285345,99.71415705757428
11031,Guanajuato,San Francisco del Rincón,83.2,5.2,19625.380048076924,0.0029794293501114364,99.71713648692439
21051,Puebla,Chietla,83.1,8.309999999999999,18530.330084235862,0.002975848305219475,99.72011233522962
12001,Guerrero,Acapulco de Juárez,82.17999999999999,7.47090909090909,9175.370893161355,0.0029429026922134353,99.72305523792183
20483,Oaxaca,Santiago Suchilquitongo,82.0,8.2,22586.620000000003,0.0029364568114079058,99.72599169473324
20469,Oaxaca,Santiago Juxtlahuaca,82.0,8.2,17974.6,0.0029364568114079058,99.72892815154465
20214,Oaxaca,San Juan Quiotepec,80.47,7.850731707317073,27554.020007456198,0.0028816668245609045,99.73180981836921
07036,Chiapas,La Grandeza,80.06,3.8123809523809524,24597.960029977516,0.002866984540503865,99.73467680290972
11026,Guanajuato,Romita,80.0,8.0,20395.52,0.0028648359135686886,99.73754163882329
15060,Estado de México,Nicolás Romero,78.96,9.87,14626.300025329281,0.0028275930466922956,99.74036923186998
20325,Oaxaca,San Pedro Quiatoni,78.8,8.0,30000.0,0.002821863374865158,99.74319109524484
20236,Oaxaca,San Marcial Ozolotepec,76.73,6.701310043668123,17468.350058647204,0.0027477357456015686,99.74593883099044
20533,Oaxaca,Santo Tomás Tamazulapan,75.71,6.699999999999999,18085.660018491613,0.0027112090877035675,99.74865004007815
20537,Oaxaca,Silacayoápam,75.03,8.2,17954.02012528322,0.002686857982438234,99.75133689806059
20084,Oaxaca,San Agustín Etla,73.8,8.2,22320.280081300814,0.002642811130267115,99.75397970919086
22009,Querétaro,Jalpan de Serra,71.44,8.93,20538.100083986563,0.0025582984708168387,99.75653800766167
26033,Sonora,Huatabampo,71.44,8.93,12324.320128779396,0.0025582984708168387,99.75909630613249
20142,Oaxaca,San Francisco Huehuetlán,70.7,5.545098039215686,18469.933946251767,0.0025317987386163283,99.76162810487111
13081,Hidalgo,Zacualtipán de Ángeles,70.65,7.8500000000000005,19974.290021231423,0.002530008216170348,99.76415811308728
07066,Chiapas,Pantelhó,70.2,5.4,16078.739886039886,0.0025138935141565243,99.76667200660144
16062,Michoacán,Pajacuarán,70.02,11.67,21491.229934304483,0.0025074476333509944,99.76917945423479
21016,Puebla,Aquixtla,68.17,7.5744444444444445,20070.461346633416,0.0024411983028497187,99.77162065253764
04005,Campeche,Hecelchakán,67.5,7.5,8770.3,0.002417205302073581,99.77403785783972
30107,Veracruz,Las Minas,66.6,11.1,16626.91006006006,0.002384975898045933,99.77642283373775
17004,Morelos,Ayala,66.5,9.5,20362.719999999998,0.0023813948531539726,99.77880422859091
20448,Oaxaca,Santa María Zaniza,65.89,7.751764705882353,20618.049931704358,0.002359550479313011,99.78116377907023
06004,Colima,Coquimatlán,65.39,10.37936507936508,22315.100015292857,0.002341645254853207,99.78350542432509
18020,Nayarit,Bahía de Banderas,65.02,8.1275,12215.132420793601,0.0023283953887529517,99.78583381971384
04004,Campeche,Champotón,65.0,5.416666666666667,10000.0,0.0023276791797745594,99.78816149889361
11003,Guanajuato,San Miguel de Allende,64.5,6.45,12819.317829457364,0.002309773955314755,99.79047127284893
21035,Puebla,Coxcatlán,64.36,7.151111111111111,16795.310441267866,0.0023047604924660097,99.7927760333414
20475,Oaxaca,Santiago Matatlán,64.0,8.0,30000.0,0.0022918687308549506,99.79506790207225
20293,Oaxaca,San Pablo Etla,63.55,8.2,22216.64012588513,0.002275754028841127,99.79734365610109
02001,Baja California,Ensenada,62.0,6.2,16000.0,0.0022202478330157335,99.7995639039341
13084,Hidalgo,Zimapán,60.699999999999996,4.669230769230769,19209.326523887972,0.002173694249420242,99.80173759818352
21212,Puebla,Zautla,60.0,6.0,14760.46,0.0021486269351765164,99.8038862251187
07002,Chiapas,Acala,56.87,5.17,13841.26991383858,0.0020365402300581413,99.80592276534875
16057,Michoacán,Nocupétaro,56.82,9.47,18161.510031678987,0.002034749707612161,99.80795751505637
07037,Chiapas,Huehuetán,56.7,4.05,9883.640035273369,0.0020304524537418083,99.80998796751011
13071,Hidalgo,Tlahuiltepa,55.5,4.625,25000.0,0.0019874799150382777,99.81197544742516
20500,Oaxaca,Santiago Yosondúa,54.8,5.4799999999999995,16454.65,0.0019624126007945514,99.81393786002594
20392,Oaxaca,Santa Lucía Monteverde,54.8,5.4799999999999995,16616.780109489053,0.0019624126007945514,99.81590027262673
20254,Oaxaca,San Mateo Río Hondo,54.62,6.7018404907975455,17691.77993409008,0.001955966719989022,99.81785623934672
13031,Hidalgo,Jacala de Ledezma,54.510000000000005,4.955454545454546,9891.197578425974,0.0019520275706078653,99.81980826691733
32023,Zacatecas,Juchipila,54.28,8.350769230769231,15600.0,0.0019437911673563554,99.8217520580847
21027,Puebla,Caltepec,53.75,5.0,17255.04,0.0019248116294289627,99.82367686971412
03002,Baja California Sur,Mulegé,53.58,8.93,30000.0,0.001918723853112629,99.82559559356723
26026,Sonora,Etchojoa,53.58,8.93,12324.320082120194,0.001918723853112629,99.82751431742034
20301,Oaxaca,San Pedro Apóstol,53.3,8.2,22468.44015009381,0.0019086969274151385,99.82942301434775
07028,Chiapas,Chiapilla,53.19,4.601211072664359,12000.0,0.0019047577780339816,99.83132777212579
20246,Oaxaca,San Mateo Cajonos,52.6,7.850746268656716,28104.95,0.001883629613171413,99.83321140173896
20059,Oaxaca,Miahuatlán de Porfirio Díaz,52.6,6.7006369426751595,18698.6,0.001883629613171413,99.83509503135214
20260,Oaxaca,San Miguel Aloápam,52.45,6.767741935483872,25970.85147759771,0.0018782580458334716,99.83697328939797
21119,Puebla,San Andrés Cholula,52.0,8.0,10248.34,0.0018621433438196474,99.83883543274179
14071,Jalisco,San Cristóbal de La Barranca,49.92,12.48,18238.170072115383,0.0017876576100668618,99.84062309035185
20383,Oaxaca,Santa Cruz Tayata,49.32,5.48,16262.940186536902,0.0017661713407150963,99.84238926169257
20291,Oaxaca,San Pablo Coatlán,48.91,6.699999999999999,17887.35003066858,0.0017514890566580569,99.84414075074923
20277,Oaxaca,Villa Sola de Vega,48.45,7.752000000000001,22012.399999999998,0.0017350162501550371,99.84587576699938
11019,Guanajuato,Jerécuaro,48.36,7.8,28086.850082712986,0.0017317933097522721,99.84760756030914
19051,Nuevo León,Villaldama,48.3,8.049999999999999,10856.000000000002,0.0017296446828170954,99.84933720499195
20424,Oaxaca,Santa María Ozolotepec,47.57,6.7,17099.560016817322,0.0017035030551057814,99.85104070804707
17019,Morelos,Tepalcingo,47.5,9.5,20212.7,0.001700996323681409,99.85274170437074
16063,Michoacán,Panindícuaro,47.35,9.47,22200.0,0.0016956247563434676,99.85443732912708
30186,Veracruz,Tomatlán,47.18,11.101176470588236,15760.289953370071,0.001689536980027134,99.8561268661071
13034,Hidalgo,Lolotla,47.1,7.8500000000000005,20000.0,0.0016866721441135652,99.85781353825122
18011,Nayarit,Ruíz,46.62,7.77,9597.540111540113,0.001669483128632153,99.85948302137986
03003,Baja California Sur,La Paz,46.35,5.15,16500.0,0.0016598143074238588,99.86114283568729
15116,Estado de México,Zacazonapan,46.28,11.57,12252.63007778738,0.0016573075759994864,99.86280014326329
13019,Hidalgo,Chilcuautla,45.9,5.1,11167.730065359478,0.001643699605410035,99.8644438428687
20229,Oaxaca,San Lorenzo Texmelúcan,45.73,7.750847457627118,23113.670019680732,0.0016376118290937012,99.86608145469779
20172,Oaxaca,San Juan Achiutla,45.49,5.4807228915662645,16246.539898878873,0.0016290173213529956,99.86771047201914
16018,Michoacán,Copándaro,43.6,10.9,18566.97018348624,0.0015613355728949353,99.86927180759204
20458,Oaxaca,Santiago Comaltepec,43.18,7.850909090909091,28363.650069476607,0.0015462951843486995,99.8708181027764
20098,Oaxaca,San Andrés Teotilálpam,43.18,7.850909090909091,19124.909911996296,0.0015462951843486995,99.87236439796075
21164,Puebla,Tepeaca,42.95,8.59,16936.840046565772,0.0015380587810971897,99.87390245674185
20279,Oaxaca,San Miguel Suchixtepec,42.88,6.7,17519.230177238805,0.001535552049672817,99.87543800879152
20038,Oaxaca,Villa Hidalgo Yalálag,42.77,7.128333333333334,27707.915595043254,0.0015316129002916601,99.87696962169181
16105,Michoacán,Vista Hermosa,42.72,10.68,21746.05009363296,0.0015298223778456796,99.87849944406966
16008,Michoacán,Aquila,42.72,10.68,19200.0,0.0015298223778456796,99.88002926644751
20149,Oaxaca,San Francisco Sola,42.63,7.750909090909091,23143.429978888107,0.0015265994374429148,99.88155586588495
20386,Oaxaca,Santa Cruz Zenzontepec,42.25,7.752293577981651,22672.809940828403,0.0015129914668534634,99.8830688573518
20235,Oaxaca,San Luis Amatlán,42.21,6.7,17657.77019663587,0.0015115590488966792,99.8845804164007
21036,Puebla,Coyomeapan,42.0,6.0,13477.03,0.0015040388546235614,99.88608445525531
21195,Puebla,Vicente Guerrero,42.0,6.0,12066.09,0.0015040388546235614,99.88758849410993
32028,Zacatecas,Mezquital del Oro,41.75,8.35,15400.0,0.0014950862423936593,99.88908358035233
21026,Puebla,Calpan,41.25,8.25,20030.0,0.001477181017933855,99.89056076137027
20258,Oaxaca,San Miguel Achiutla,41.1,5.48,16561.6102189781,0.0014718094505959138,99.89203257082086
20174,Oaxaca,Ánimas Trujano,41.0,8.2,22147.89,0.0014682284057039529,99.89350079922656
13047,Hidalgo,Pacula,41.0,4.1,22000.0,0.0014682284057039529,99.89496902763226
20394,Oaxaca,Santa María Alotepec,40.82,7.85,15200.81014208721,0.0014617825248984233,99.89643081015716
20137,Oaxaca,San Francisco Cahuacuá,38.75,7.75,17875.63019354839,0.0013876548956348335,99.8978184650528
20430,Oaxaca,Santa María Tataltepec,38.36,5.4799999999999995,16346.410062565174,0.0013736888205561862,99.89919215387334
20263,Oaxaca,San Miguel Coatlán,38.33,6.701048951048951,17120.05009131229,0.001372614507088598,99.90056476838043
16088,Michoacán,Tarímbaro,37.88,9.47,17632.360084477295,0.001356499805074774,99.9019212681855
16040,Michoacán,Indaparapeo,37.88,9.47,17687.700105596618,0.001356499805074774,99.90327776799057
07004,Chiapas,Altamirano,37.2,4.133333333333334,9776.749999999998,0.0013321486998094404,99.90460991669038
20416,Oaxaca,Santa María Ixcatlán,36.75,6.391304347826087,18312.65632653061,0.0013160339977956164,99.90592595068817
20564,Oaxaca,Yutanduchi de Guerrero,36.73,6.702554744525546,29395.58998094201,0.001315317788817224,99.907241268477
20473,Oaxaca,Santiago Laxopa,36.5,3.65,14128.490136986302,0.0013070813855657142,99.90854834986256
07040,Chiapas,Huixtla,36.45,4.050000000000001,10248.339917695472,0.0013052908631197339,99.90985364072567
07052,Chiapas,Las Margaritas,36.41,6.619999999999999,24448.76023070585,0.0013038584451629492,99.91115749917084
20233,Oaxaca,San Lucas Quiaviní,36.0,8.0,30000.0,0.0012891761611059098,99.91244667533195
13038,Hidalgo,Mineral del Chico,35.7,5.1000000000000005,13917.71988795518,0.0012784330264300275,99.91372510835838
04013,Campeche,Dzitbalché,35.0,10.0,13173.7,0.0012533657121863012,99.91497847407057
30171,Veracruz,Texhuacán,34.54,4.7315068493150685,14810.339895773017,0.0012368929056832813,99.91621536697625
30184,Veracruz,Tlaquilpa,34.54,4.7315068493150685,14734.759988419224,0.0012368929056832813,99.91745225988193
20405,Oaxaca,Villa de Chilapa de Díaz,34.4,8.0,16788.770058139533,0.001231879442834536,99.91868413932477
20322,Oaxaca,San Pedro Ocopetatillo,34.24,5.267692307692308,19005.510221962617,0.0012261497710073987,99.91991028909578
07098,Chiapas,Totolapa,33.6,6.339622641509434,12665.68005952381,0.0012032310836988492,99.92111352017947
32019,Zacatecas,Jalpa,33.36,8.34,15600.0,0.0011946365759581432,99.92230815675543
20042,Oaxaca,Ixtlán de Juárez,32.85,3.6500000000000004,14369.189954337899,0.0011763732470091426,99.92348453000244
20050,Oaxaca,Magdalena Peñasco,31.79,5.481034482758621,16197.540106951872,0.0011384141711543575,99.92462294417359
14090,Jalisco,Tenamaxtlán,31.6,15.8,27094.449999999997,0.001131610185859632,99.92575455435946
20512,Oaxaca,Santo Domingo Ozolotepec,31.49,6.699999999999999,17291.020006351224,0.001127671036478475,99.92688222539594
20502,Oaxaca,Santiago Zacatepec,31.4,7.85,15200.0,0.0011244480960757102,99.92800667349202
20454,Oaxaca,Santiago Atitlán,31.4,7.85,15203.75,0.0011244480960757102,99.9291311215881
20138,Oaxaca,San Francisco Cajonos,31.4,7.85,28104.950000000004,0.0011244480960757102,99.93025556968418
20544,Oaxaca,Teococuilco de Marcos Pérez,31.4,7.85,27574.540127388536,0.0011244480960757102,99.93138001778026
21046,Puebla,Chapulco,30.81,5.601818181818182,18310.321324245375,0.001103319931213141,99.93248333771147
14123,Jalisco,Zapotlán del Rey,30.54,15.27,27412.420104780616,0.0010936511100048468,99.93357698882149
20320,Oaxaca,San Pedro Molinos,30.14,5.48,16602.1300597213,0.0010793269304370035,99.93465631575192
21126,Puebla,San Jerónimo Tecuanipan,30.0,6.0,7800.0,0.0010743134675882582,99.9357306292195
20173,Oaxaca,San Juan Atepec,29.45,7.8533333333333335,28820.770118845503,0.0010546177206824734,99.93678524694019
21102,Puebla,Nealtican,29.3,8.371428571428572,14470.809897610921,0.0010492461533445322,99.93783449309353
20206,Oaxaca,San Juan de Los Cués,29.2,3.65,15000.0,0.0010456651084525712,99.93888015820198
20039,Oaxaca,Heroica Ciudad de Huajuapan de León,28.7,8.2,18475.7,0.001027759883992767,99.93990791808598
31101,Yucatán,Umán,28.19,8.054285714285715,10500.0,0.0010094965550437665,99.94091741464102
20171,Oaxaca,San José Tenango,28.0,3.5,15307.69,0.0010026925697490408,99.94192010721078
10019,Durango,Otáez,27.69,8.932258064516128,12300.0,0.0009915913305839623,99.94291169854137
12037,Guerrero,Ixcateopan de Cuauhtémoc,27.66,4.61,9883.639913232104,0.000990517017116374,99.94390221555848
20001,Oaxaca,Abejones,27.48,7.851428571428571,27342.25,0.0009840711363108445,99.9448862866948
07123,Chiapas,Emiliano Zapata,27.11,5.02037037037037,11572.929915160457,0.0009708212702105893,99.94585710796501
24006,San Luis Potosí,Catorce,27.0,4.5,15000.0,0.0009668821208294324,99.94682399008585
20560,Oaxaca,Villa Díaz Ordaz,26.0,8.0,30000.0,0.0009310716719098237,99.94775506175776
13030,Hidalgo,Ixmiquilpan,26.0,8.666666666666666,17503.11,0.0009310716719098237,99.94868613342967
20391,Oaxaca,Santa Lucía Miahuatlán,25.81,6.703896103896104,17478.710189848898,0.000924267686615098,99.94961040111629
30159,Veracruz,Tehuipango,25.55,4.731481481481481,14740.639921722111,0.0009149569698959999,99.95052535808618
20359,Oaxaca,Santa Ana Yareni,25.52,7.852307692307692,27595.730015673984,0.0009138826564284116,99.95143924074262
20347,Oaxaca,San Sebastián Río Hondo,25.46,6.7,16768.39002356638,0.0009117340294932352,99.9523509747721
21098,Puebla,Molcaxac,25.3,8.433333333333334,21521.73913043478,0.0009060043576660978,99.95325697912976
11016,Guanajuato,Huanímaro,25.2,8.4,25000.0,0.0009024233127741368,99.95415940244254
20156,Oaxaca,San Ildefonso Villa Alta,24.82,3.520567375886525,13653.469379532635,0.0008888153421846857,99.95504821778472
07071,Chiapas,Villa Comaltitlán,24.3,4.05,10248.339917695474,0.0008701939087464892,99.95591841169347
23007,Quintana Roo,Lázaro Cárdenas,24.15,8.049999999999999,8222.230227743272,0.0008648223414085477,99.95678323403489
20299,Oaxaca,San Pablo Yaganiza,23.95,7.852459016393443,28104.949895615868,0.0008576602516246262,99.95764089428651
12002,Guerrero,Ahuacuotzingo,23.29,6.973053892215569,15996.319879776727,0.0008340253553376845,99.95847491964184
20516,Oaxaca,Santo Domingo Teojomulco,23.25,7.75,20913.290322580644,0.0008325929373809001,99.95930751257923
20510,Oaxaca,Santo Domingo Ixcatlán,21.92,5.48,16495.8704379562,0.0007849650403178207,99.96009247761955
20504,Oaxaca,Nuevo Zoquiápam,21.9,3.65,14031.389954337901,0.0007842488313394285,99.96087672645089
16106,Michoacán,Yurécuaro,21.36,10.68,21746.05009363296,0.0007649111889228398,99.96164163763981
20191,Oaxaca,San Juan Chicomezúchil,21.05,5.613333333333333,21266.054156769595,0.0007538099497577612,99.96239544758957
20495,Oaxaca,Santiago Xanica,20.91,6.701923076923077,17158.09995217599,0.000748796486909016,99.96314424407647
14095,Jalisco,Teuchitlán,20.86,10.43,28399.5,0.0007470059644630355,99.96389125004093
20275,Oaxaca,San Miguel Quetzaltepec,20.81,7.852830188679245,15201.24987986545,0.000745215442017055,99.96463646548295
12006,Guerrero,Apaxtla,20.79,6.93,11846.484848484848,0.0007444992330386628,99.96538096471599
20242,Oaxaca,San Martín Peras,20.5,8.2,18366.97024390244,0.0007341142028519764,99.96611507891885
12015,Guerrero,Buenavista de Cuéllar,19.0,4.75,13900.0,0.0006803985294725635,99.96679547744831
20400,Oaxaca,Santa María Camotlán,18.86,8.200000000000001,18298.130434782608,0.0006753850666238184,99.96747086251494
20154,Oaxaca,San Ildefonso Amatlán,18.76,6.700000000000001,17689.97014925373,0.0006718040217318575,99.96814266653668
12079,Guerrero,José Joaquín de Herrera,18.45,6.1499999999999995,14985.0,0.0006607027825667787,99.96880336931925
20004,Oaxaca,Asunción Cuyotepeji,18.45,8.2,19201.150135501353,0.0006607027825667787,99.96946407210181
24047,San Luis Potosí,Villa de Guadalupe,18.0,4.5,11200.0,0.0006445880805529549,99.97010866018236
20457,Oaxaca,Santiago Camotlán,17.95,3.519607843137255,14137.98495821727,0.0006427975581069744,99.97075145774046
25002,Sinaloa,Angostura,17.86,8.93,8500.0,0.0006395746177042097,99.97139103235817
20089,Oaxaca,San Andrés Dinicuiti,17.63,8.2,19566.50028360749,0.0006313382144526997,99.97202237057262
20249,Oaxaca,San Mateo Yoloxochitlán,17.5,3.5,15307.690285714287,0.0006266828560931506,99.97264905342871
12017,Guerrero,Cocula,17.5,8.75,11251.290285714285,0.0006266828560931506,99.9732757362848
11004,Guanajuato,Apaseo El Alto,17.5,8.75,12226.458285714287,0.0006266828560931506,99.9739024191409
07103,Chiapas,Tuzantán,17.38,5.793333333333333,10248.34004602992,0.0006223856022227975,99.97452480474313
12028,Guerrero,Chilapa de Álvarez,17.36,8.68,12910.440092165898,0.0006216693932444054,99.97514647413637
12060,Guerrero,Tetipac,17.29,8.47549019607843,14564.95083863505,0.0006191626618200327,99.97576563679819
32034,Zacatecas,Nochistlán de Mejía,16.68,8.34,18800.0,0.0005973182879790716,99.97636295508616
20127,Oaxaca,San Cristóbal Amoltepec,16.44,5.48,16334.640510948902,0.0005887237802383655,99.9769516788664
20501,Oaxaca,Santiago Yucuyachi,16.4,8.2,18183.04024390244,0.0005872913622815811,99.97753897022868
14054,Jalisco,El Limón,16.11,10.74,25492.490378646806,0.0005769063320948946,99.97811587656078
32043,Zacatecas,Susticacán,16.1,8.05,12999.999999999998,0.0005765482276056987,99.97869242478838
31010,Yucatán,Cantamayec,16.1,8.05,10355.560248447204,0.0005765482276056987,99.97926897301598
28017,Tamaulipas,Jaumave,15.91,8.938202247191011,24980.0,0.0005697442423109729,99.97983871725829
20477,Oaxaca,Santiago Minas,15.5,7.75,17602.84,0.0005550619582539334,99.98039377921654
20239,Oaxaca,San Martín Huamelúlpam,15.35,5.482142857142858,16350.13029315961,0.0005496903909159921,99.98094346960745
31050,Yucatán,Mérida,15.14,8.053191489361703,10500.0,0.0005421701966428743,99.98148563980409
21209,Puebla,Zapotitlán,15.0,5.0,17102.69,0.0005371567337941291,99.98202279653789
21156,Puebla,Tehuacán,15.0,5.0,16004.130000000001,0.0005371567337941291,99.98255995327169
20335,Oaxaca,San Pedro Yaneri,14.6,3.65,13994.35,0.0005228325542262856,99.98308278582591
20362,Oaxaca,Santa Catarina Cuixtla,14.41,6.702325581395349,16713.500346981262,0.00051602856893156,99.98359881439485
20351,Oaxaca,San Simón Almolongas,14.07,6.7,16746.18052594172,0.0005038530162988932,99.98410266741115
20040,Oaxaca,Huautepec,14.0,3.5,15307.69,0.0005013462848745204,99.98460401369603
20462,Oaxaca,Santiago Huajolotitlán,13.94,8.2,18130.220229555238,0.000499197657939344,99.98510321135397
20088,Oaxaca,San Andrés Cabecera Nueva,13.7,5.4799999999999995,16208.530656934307,0.0004906031501986379,99.98559381450417
20446,Oaxaca,Santa María Yucuhiti,13.7,5.4799999999999995,16412.310218978102,0.0004906031501986379,99.98608441765437
20119,Oaxaca,San Bartolomé Yucuañe,13.7,5.4799999999999995,16555.780291970805,0.0004906031501986379,99.98657502080457
20451,Oaxaca,Santiago Apoala,13.4,6.7,29190.710447761194,0.00047986001552275537,99.98705488082008
20311,Oaxaca,San Pedro Jaltepetongo,13.2,3.52,8000.0,0.00047269792573883363,99.98752757874583
20353,Oaxaca,Santa Ana,13.07,6.702564102564103,18229.44988523336,0.0004680425673792845,99.9879956213132
20355,Oaxaca,Santa Ana Cuauhtémoc,12.67,3.5194444444444444,8001.2628255722175,0.00045371838781144104,99.98844933970102
20326,Oaxaca,San Pedro Sochiápam,12.32,3.52,8000.0,0.0004411847306895781,99.98889052443171
20029,Oaxaca,Eloxochitlán de Flores Magón,12.25,3.5,15307.689795918368,0.0004386779992652054,99.98932920243098
20110,Oaxaca,San Antonio Sinicahua,12.07,5.486363636363636,16283.550124275063,0.00043223211845967594,99.98976143454944
20377,Oaxaca,Santa Cruz Itundujia,12.07,5.486363636363636,16550.749792874896,0.00043223211845967594,99.99019366666789
20329,Oaxaca,San Pedro Teozacoalco,12.06,6.7,29590.74046434494,0.00043187401397047984,99.99062554068186
20073,Oaxaca,Putla Villa de Guerrero,10.96,5.48,16142.999999999998,0.00039248252015891034,99.99101802320202
20397,Oaxaca,Heroica Ciudad de Tlaxiaco,10.96,5.48,16262.290145985402,0.00039248252015891034,99.99141050572217
20445,Oaxaca,Santa María Yosoyúa,10.96,5.48,16363.990875912406,0.00039248252015891034,99.99180298824233
20086,Oaxaca,San Agustín Tlacotepec,10.96,5.48,16256.390510948904,0.00039248252015891034,99.99219547076248
20222,Oaxaca,San Juan Yaeé,10.56,3.52,13526.850378787878,0.0003781583405910669,99.99257362910308
20354,Oaxaca,Santa Ana Ateixtlahuaca,10.5,3.5,15307.690476190477,0.00037600971365589036,99.99294963881674
20060,Oaxaca,Mixistlán de La Reforma,9.42,7.8500000000000005,15200.170912951166,0.0003373344288227131,99.99328697324556
12004,Guerrero,Alcozauca de Guerrero,8.77,8.77,13500.0,0.00031405763702496746,99.99360103088259
11035,Guanajuato,Santa Cruz de Juventino Rosas,8.5,8.5,12324.32,0.00030438881581667317,99.99390541969841
11025,Guanajuato,Purísima del Rincón,8.4,8.4,12324.320238095237,0.0003008077709247123,99.99420622746933
21074,Puebla,Huejotzingo,8.25,8.25,20000.0,0.00029543620358677097,99.99450166367292
20252,Oaxaca,San Mateo Peñasco,8.22,5.48,16407.060827250607,0.00029436189011918277,99.99479602556303
20317,Oaxaca,San Pedro Mártir Yucuxaco,8.22,5.48,16535.0900243309,0.00029436189011918277,99.99509038745315
20370,Oaxaca,Santa Catarina Tayata,8.22,5.48,16222.480535279805,0.00029436189011918277,99.99538474934326
20210,Oaxaca,San Juan Ñumí,8.22,5.48,16398.260340632605,0.00029436189011918277,99.99567911123337
20487,Oaxaca,Santiago Tenango,8.2,8.2,22225.75,0.00029364568114079056,99.99597275691451
21112,Puebla,Petlalcingo,8.0,8.0,9094.12,0.00028648359135686883,99.99625924050586
21055,Puebla,Chila,8.0,8.0,9000.0,0.00028648359135686883,99.99654572409722
20323,Oaxaca,San Pedro Ocotepec,7.85,7.85,15200.0,0.00028111202401892755,99.99682683612123
20541,Oaxaca,Tanetze de Zaragoza,7.39,3.5190476190476185,14147.227334235453,0.00026463921751590763,99.99709147533875
20496,Oaxaca,Santiago Xiacuí,7.3,3.65,13900.0,0.0002614162771131428,99.99735289161586
20330,Oaxaca,San Pedro Teutila,7.04,3.52,12800.0,0.00025210556039404456,99.99760499717625
20228,Oaxaca,San Lorenzo Cuaunecuiltitla,7.0,3.5,15307.69,0.0002506731424372602,99.99785567031869
20476,Oaxaca,Santiago Miltepec,6.56,8.2,18162.780487804877,0.00023491654491263246,99.9980905868636
12049,Guerrero,Pilcaya,6.3,6.3,15975.0,0.0002256058281935342,99.99831619269179
27006,Tabasco,Cunduacán,5.94,2.97,9716.86026936027,0.00021271406658247513,99.99852890675837
20379,Oaxaca,Santa Cruz Nundaco,5.48,5.48,16368.450729927006,0.00019624126007945517,99.99872514801845
19048,Nuevo León,Santa Catarina,4.5,4.5,10000.0,0.00016114702013823873,99.99888629503859
20363,Oaxaca,Santa Catarina Ixtepeji,4.38,3.65,13966.5,0.0001568497662678857,99.99904314480486
31038,Yucatán,Hunucmá,4.04,8.08,9800.0,0.00014467421363521877,99.99918781901849
20216,Oaxaca,San Juan Tabaá,3.52,3.52,13847.428977272726,0.00012605278019702228,99.99931387179869
20128,Oaxaca,San Cristóbal Lachirioag,3.52,3.52,13499.261363636364,0.00012605278019702228,99.9994399245789
20432,Oaxaca,Santa María Temaxcalapa,3.52,3.52,13454.321022727272,0.00012605278019702228,99.9995659773591
20522,Oaxaca,Santo Domingo Xagacía,3.52,3.52,13928.238636363636,0.00012605278019702228,99.9996920301393
20280,Oaxaca,Villa Talea de Castro,3.52,3.52,13558.860795454546,0.00012605278019702228,99.9998180829195
12074,Guerrero,Zitlala,2.66,6.65,9925.0,9.52557941261589e-05,99.99991333871363
31087,Yucatán,Tetiz,2.42,8.066666666666666,9800.0,8.666128638545283e-05,100.00000000000001
21086,Puebla,Jalpan,0.0,,,0.0,100.00000000000001
31096,Yucatán,Tizimín,0.0,,,0.0,100.00000000000001
19009,Nuevo León,Cadereyta Jiménez,0.0,,,0.0,100.00000000000001
18009,Nayarit,Del Nayar,0.0,,,0.0,100.00000000000001
26072,Sonora,San Ignacio Río Muerto,0.0,,,0.0,100.00000000000001
21194,Puebla,Venustiano Carranza,0.0,,,0.0,100.00000000000001
26030,Sonora,Hermosillo,0.0,,,0.0,100.00000000000001
24048,San Luis Potosí,Villa de La Paz,0.0,,,0.0,100.00000000000001
16071,Michoacán,Puruándiro,0.0,,,0.0,100.00000000000001
26012,Sonora,Bácum,0.0,,,0.0,100.00000000000001
32001,Zacatecas,Apozol,0.0,,,0.0,100.00000000000001
