AÑO,SUPERFICIE_SEMBRADA,SUPERFICIE_COSECHADA,SUPERFICIE_SINIESTRADA,VOLUMEN_PRODUCCION,VALOR_PRODUCCION,RENDIMIENTO,PRECIO,variacion_anual_pct,municipios_registrados
2003,97786.8,95399.48,0.0,905041.15,5373581667.75,9.486856217664918,5937.389330584581,,425.0
2004,101881.81999999999,100126.62,0.0,987323.34,6085761266.87,9.860747721235372,6163.89891772436,9.091541307265416,423.0
2005,112250.59,103119.1,0.0,1021515.46,7617150417.629999,9.906171213674284,7456.715748217848,3.463112702268334,415.0
2006,114841.79000000001,105477.26,0.0,1134249.59,9122963597.3,10.753498811023345,8043.171165968857,11.03596904935733,425.0
2007,117311.76,110377.31999999999,0.0,1142892.42,12019378281.1,10.354413569744219,10516.63137384357,0.7619866100193828,433.0
2008,122348.94,112478.84,0.0,1162428.92,12459370622.86,10.33464534307075,10718.393536578566,1.7093909853737488,439.0
2009,129354.31,121490.88,0.0,1230972.61,15073316456.47,10.132222352821875,12245.04618057261,5.896591939574258,455.0
2010,134322.12,123403.69,0.0,1107135.16,14165758093.97,8.971653602902798,12794.967232338642,-10.060130419961189,458.0
2011,142146.1,126597.89,0.0,1264141.46,18136404248.99,9.985486014024405,14346.815465565065,14.181312785694566,488.0
2012,151022.65,130307.99,0.0,1316104.02,16608146755.35,10.099948744509065,12619.174854697276,4.110502000306204,498.0
2013,168113.64,144243.84,0.0,1467837.35,18060177053.45,10.176083429281972,12303.936163942142,11.528977018093144,528.0
2014,175939.76,153770.96,0.0,1520694.5,20715986372.96,9.8893477676149,13622.714077653334,3.6010222794780278,531.0
2015,187327.08000000002,166944.96,0.0,1644225.86,22548785129.3,9.848909844298385,13713.921960392958,8.123351534446943,543.0
2016,205250.42,180536.43,0.0,1889353.51,30265787394.780003,10.465220288226593,16019.12359682228,14.908392816544058,566.0
2017,218492.93,188722.5,0.0,2029885.85,39705966215.16,10.755929208229015,19560.689195976218,7.438117814172318,585.0
2018,231524.02,206388.91,0.0,2184663.13,41908121256.43,10.585176936105723,19182.87569417167,7.624925312918451,606.0
2019,234269.97,215942.14,6.0,2300888.9,49481376541.25,10.655117616228123,21505.33063167457,5.3200774253923555,628.0
2020,241136.11,224421.94,107.25999999999999,2393848.57,49369370984.05,10.666731470194046,20623.43107360797,4.040163347304593,635.0
2021,248456.23,226533.81,0.0,2442944.64,50538293375.409996,10.784017802905447,20687.44929701313,2.050926303997591,638.0
2022,252132.86000000002,236132.35,0.0,2540715.37,63447915025.729996,10.759708993706283,24972.460817494088,4.00216723699478,643.0
2023,264589.06,253308.89,0.0,2973344.42,60097063914.01,11.7380184327522,20211.941647180585,17.027844012294846,648.0
2024,,,,,,,,,
2025,268311.95,255660.41,30.0,2792481.0500000003,59589662978.88,10.922618210617749,21339.325822418738,,655.0
