CVEGEO,anios_registrados
01003,22
02001,22
02005,7
03001,22
03002,8
03003,22
03008,22
04001,15
04002,22
04004,22
04005,22
04008,22
04013,2
06001,1
06002,2
06003,22
06004,13
06005,21
06007,14
06008,21
06009,4
06010,15
07001,22
07002,22
07004,22
07006,14
07007,22
07010,14
07011,14
07019,12
07023,13
07026,22
07028,22
07030,2
07034,13
07036,14
07037,22
07038,13
07040,22
07041,12
07049,22
07052,11
07053,14
07057,22
07064,20
07066,22
07071,22
07075,22
07078,22
07080,14
07087,3
07093,22
07094,22
07098,22
07099,22
07103,22
07104,12
07110,22
07111,20
07112,13
07113,13
07119,13
07123,4
08027,3
08029,3
10002,22
10019,19
10023,22
10026,22
10032,4
10034,22
10035,4
10037,22
11001,12
11003,10
11004,5
11005,13
11007,21
11009,22
11011,4
11012,11
11015,22
11016,6
11017,6
11018,2
11019,9
11020,14
11023,5
11025,14
11026,21
11027,22
11031,13
11035,5
11037,22
11038,6
11039,9
12001,22
12002,9
12004,17
12006,15
12011,22
12012,22
12015,22
12016,19
12017,22
12022,12
12026,22
12028,17
12029,22
12032,22
12036,20
12037,22
12038,22
12040,22
12044,22
12046,20
12048,22
12049,17
12051,22
12052,22
12055,22
12056,22
12057,22
12058,22
12060,22
12062,22
12068,1
12071,22
12074,14
12075,22
12079,17
13002,11
13012,22
13014,12
13015,1
13019,22
13020,22
13024,22
13030,22
13031,22
13034,9
13036,22
13037,22
13038,22
13043,22
13047,12
13053,9
13059,22
13060,9
13062,10
13068,12
13071,22
13073,12
13081,10
13084,22
14001,13
14002,22
14003,12
14004,22
14005,3
14006,22
14007,12
14008,17
14009,22
14011,13
14012,17
14013,22
14014,22
14015,22
14016,17
14017,18
14018,17
14019,11
14020,22
14023,22
14024,10
14025,5
14026,20
14027,19
14030,6
14031,12
14032,20
14033,15
14036,12
14038,9
14044,10
14045,22
14048,13
14049,4
14050,15
14054,22
14055,15
14056,2
14057,20
14058,20
14059,22
14061,5
14062,16
14063,13
14065,16
14067,19
14068,19
14069,22
14071,22
14075,9
14076,8
14077,10
14079,22
14080,22
14081,22
14082,22
14083,22
14084,21
14085,22
14086,20
14087,18
14088,18
14089,22
14090,10
14092,20
14093,13
14094,22
14095,22
14096,13
14097,22
14098,22
14099,18
14103,22
14104,12
14105,14
14107,22
14108,19
14112,22
14113,22
14114,10
14115,12
14118,10
14119,16
14120,22
14121,18
14122,20
14123,2
14124,12
15004,22
15007,22
15008,22
15009,1
15015,22
15021,22
15032,22
15034,22
15040,22
15041,22
15049,13
15050,6
15052,22
15060,2
15063,22
15066,22
15068,22
15077,22
15078,19
15080,22
15082,22
15086,22
15088,22
15090,11
15094,21
15097,22
15110,22
15111,22
15113,22
15116,15
15117,22
15119,7
15123,19
16001,22
16002,21
16003,5
16006,22
16008,9
16009,22
16015,12
16016,6
16018,17
16019,22
16021,15
16022,18
16025,22
16026,8
16032,21
16034,22
16039,22
16040,8
16041,19
16044,9
16045,17
16046,22
16047,22
16048,10
16049,22
16050,21
16053,19
16054,6
16057,9
16058,22
16059,8
16061,22
16062,9
16063,4
16064,11
16066,22
16067,1
16068,22
16070,22
16071,1
16072,19
16073,18
16075,22
16076,9
16079,22
16081,22
16082,22
16083,22
16084,22
16085,22
16086,6
16087,22
16088,22
16089,8
16090,22
16091,22
16094,13
16095,22
16097,22
16098,22
16099,9
16100,22
16101,11
16102,22
16105,6
16106,6
16107,9
16110,22
16111,22
16112,22
17002,3
17003,1
17004,6
17007,16
17009,20
17016,22
17017,14
17019,6
17020,20
17021,12
17022,22
17023,22
17024,14
17026,21
17027,22
17029,22
17030,22
17032,7
17033,1
17036,1
18002,22
18003,22
18004,22
18006,22
18007,22
18008,22
18009,3
18010,1
18011,22
18012,22
18013,15
18014,22
18015,8
18017,22
18018,1
18020,21
19004,14
19007,22
19008,22
19009,22
19017,22
19024,22
19043,22
19044,22
19048,18
19051,16
20001,6
20003,15
20004,19
20007,2
20013,2
20019,22
20023,15
20024,22
20027,21
20028,10
20029,17
20031,22
20033,2
20035,1
20038,22
20039,18
20040,17
20041,18
20042,21
20045,12
20048,11
20050,7
20058,22
20059,10
20060,11
20068,2
20073,6
20084,15
20086,7
20088,7
20089,18
20098,14
20104,12
20108,19
20110,7
20119,7
20123,12
20125,5
20127,7
20128,22
20131,2
20137,8
20138,9
20139,21
20142,21
20148,13
20149,13
20154,8
20156,22
20163,21
20171,17
20172,12
20173,12
20174,16
20177,22
20187,15
20191,22
20193,10
20194,3
20200,22
20206,21
20208,12
20210,7
20211,13
20214,9
20216,22
20220,22
20222,22
20228,21
20229,13
20233,21
20234,22
20235,18
20236,8
20239,7
20242,13
20244,22
20246,9
20249,21
20252,9
20254,13
20255,12
20258,9
20260,16
20263,8
20271,12
20273,12
20275,6
20276,22
20277,13
20279,13
20280,22
20291,15
20293,13
20294,15
20295,12
20298,2
20299,9
20301,12
20311,21
20317,12
20320,9
20322,21
20323,6
20325,8
20326,21
20329,9
20330,17
20335,22
20336,6
20337,22
20347,8
20351,15
20353,15
20354,17
20355,21
20358,2
20359,6
20362,8
20363,21
20365,1
20370,7
20374,12
20377,7
20378,10
20379,4
20383,7
20386,8
20388,19
20391,13
20392,7
20394,9
20397,7
20400,15
20405,22
20410,21
20416,17
20424,13
20425,22
20428,19
20429,2
20430,7
20431,21
20432,22
20434,21
20435,22
20436,14
20437,22
20438,22
20445,7
20446,10
20448,13
20451,5
20454,9
20457,22
20458,9
20462,15
20469,13
20473,21
20475,17
20476,15
20477,12
20478,22
20481,2
20483,15
20487,2
20490,21
20491,13
20495,8
20496,22
20500,8
20501,6
20502,9
20504,21
20510,8
20512,11
20516,8
20517,22
20520,22
20522,22
20527,22
20528,2
20533,15
20537,15
20540,22
20541,22
20544,12
20545,22
20549,22
20551,2
20554,22
20555,19
20560,21
20564,9
20565,18
20566,2
21010,13
21016,12
21017,22
21018,12
21019,22
21026,7
21027,10
21033,13
21035,10
21036,6
21039,22
21040,1
21046,13
21050,18
21051,4
21054,22
21055,11
21058,21
21067,6
21069,22
21071,5
21074,4
21075,22
21085,16
21086,1
21091,3
21098,13
21102,20
21112,17
21116,22
21119,20
21126,22
21140,1
21148,20
21156,12
21164,6
21169,22
21172,22
21173,22
21174,22
21175,22
21181,1
21186,22
21188,22
21194,1
21195,13
21199,22
21200,21
21204,22
21206,22
21207,21
21208,20
21209,12
21212,22
21217,13
22002,7
22004,22
22006,11
22009,7
22013,22
22015,22
22018,22
23004,9
23007,1
23010,2
24006,19
24011,10
24032,19
24047,12
24048,5
24054,8
25001,13
25002,5
25004,17
25006,4
25007,1
25010,1
25011,5
25013,7
25016,5
25017,5
25018,22
26012,5
26026,22
26030,6
26033,21
26042,21
26072,5
27001,10
27002,22
27003,22
27006,22
27007,10
27008,9
27010,3
27011,10
27017,10
28012,11
28017,13
28019,5
28029,10
29029,10
30008,22
30010,22
30017,1
30021,2
30023,12
30024,12
30025,22
30029,22
30047,21
30065,1
30071,14
30079,8
30080,12
30086,14
30092,11
30107,7
30137,21
30159,22
30171,22
30184,22
30186,12
30201,22
31001,9
31002,9
31003,22
31006,13
31007,7
31008,15
31009,9
31010,10
31016,9
31023,9
31024,13
31025,21
31027,9
31029,9
31031,9
31034,9
31035,7
31036,9
31037,9
31038,17
31040,9
31041,9
31044,9
31047,22
31050,17
31053,22
31056,22
31057,12
31058,9
31062,22
31064,9
31065,9
31066,7
31067,9
31070,20
31072,9
31073,9
31076,8
31078,7
31079,22
31080,9
31084,9
31085,14
31087,13
31089,22
31092,5
31094,9
31096,22
31097,12
31098,22
31100,9
31101,17
31106,9
32001,22
32019,11
32020,17
32023,22
32028,22
32033,22
32034,19
32043,22
32055,8
